[INFO] 26-08-2024 23:27:16 [main] LogUtils - ⭐️ ***** START TESTINGMon Aug 26 23:27:15 ICT 2024 *****
[INFO] 26-08-2024 23:27:16 [main] LogUtils - Load all properties{BROWERS=chrome, SCREENSHOT_STEP_FAIL=true, RECORD_VIDEO=true, SCREENSHOT_PATH=./screenshots/, EMAIL=admin@example.com, URL=https://crm.anhtester.com/admin/authentication, PAGE_LOAD_TIMEOUT=40, STEP_TIME=1, SCREENSHOT_STEP_PASS=true, RECORD_VIDEO_PATH=./videos/, PASSWORD=1234567, SCREENSHOT_STEP_ALL=true, EXPLICIT_WAIT_TIMEOUT=10}
[INFO] 26-08-2024 23:27:19 [main] LogUtils - ⭐️ Start test case testAddNewContact
[INFO] 26-08-2024 23:27:22 [main] LogUtils - 🌐 Open URL: https://crm.anhtester.com/admin/authentication
[INFO] 26-08-2024 23:27:24 [main] LogUtils - 🟢 Set text: admin@example.com on element By.xpath: //input[@id='email']
[INFO] 26-08-2024 23:27:24 [main] LogUtils - Screenshot success !!
[INFO] 26-08-2024 23:27:25 [main] LogUtils - 🟢 Set text: 123456 on element By.xpath: //input[@id='password']
[INFO] 26-08-2024 23:27:25 [main] LogUtils - Screenshot success !!
[INFO] 26-08-2024 23:27:29 [main] LogUtils - 🟢 Click element: By.xpath: //button[normalize-space()='Login']
[INFO] 26-08-2024 23:27:29 [main] LogUtils - Screenshot success !!
[INFO] 26-08-2024 23:27:31 [main] LogUtils - 🟢 Click element: By.xpath: //span[normalize-space()='Customers']
[INFO] 26-08-2024 23:27:32 [main] LogUtils - Screenshot success !!
[INFO] 26-08-2024 23:27:32 [main] LogUtils - actionClassMoveTo
[INFO] 26-08-2024 23:27:33 [main] LogUtils - ✅ Check Element Exist: true ---> By.xpath: //tbody//tr[1]//td[3]//a[2]
[INFO] 26-08-2024 23:27:36 [main] LogUtils - 🟢 Click element: By.xpath: //tbody//tr[1]//td[3]//a[2]
[INFO] 26-08-2024 23:27:36 [main] LogUtils - Screenshot success !!
[INFO] 26-08-2024 23:27:37 [main] LogUtils - 🟢 Click element: By.xpath: //a[normalize-space()='New Contact']
[INFO] 26-08-2024 23:27:37 [main] LogUtils - Screenshot success !!
[INFO] 26-08-2024 23:27:39 [main] LogUtils - ✅ Check Element Exist: true ---> By.xpath: //div[@id='contact-profile-image']//input
[INFO] 26-08-2024 23:27:40 [main] LogUtils - 🟢 Set text: C:\Users\phuongvt26\Downloads\image_2024_06_03T03_03_57_641Z.png on element By.xpath: //div[@id='contact-profile-image']//input
[INFO] 26-08-2024 23:27:41 [main] LogUtils - Screenshot success !!
[INFO] 26-08-2024 23:27:42 [main] LogUtils - 🟢 Set text: C:\Users\phuongvt26\Downloads\DS BGĐ _thư ký 261223.xlsx on element By.xpath: //div[@id='contact-profile-image']//input
[INFO] 26-08-2024 23:27:42 [main] LogUtils - Screenshot success !!
[INFO] 26-08-2024 23:27:43 [main] LogUtils - 🟢 Set text: Selenium_011 on element By.xpath: //input[@id='firstname']
[INFO] 26-08-2024 23:27:43 [main] LogUtils - Screenshot success !!
[INFO] 26-08-2024 23:27:45 [main] LogUtils - 🟢 Set text: Selenium_011 on element By.xpath: //input[@id='lastname']
[INFO] 26-08-2024 23:27:45 [main] LogUtils - Screenshot success !!
[INFO] 26-08-2024 23:27:46 [main] LogUtils - 🟢 Set text: Selenium_011 on element By.xpath: //input[@id='title']
[INFO] 26-08-2024 23:27:46 [main] LogUtils - Screenshot success !!
[INFO] 26-08-2024 23:27:48 [main] LogUtils - 🟢 Set text: Selenium_28@gmail.com on element By.xpath: //input[@id='email']
[INFO] 26-08-2024 23:27:48 [main] LogUtils - Screenshot success !!
[INFO] 26-08-2024 23:27:49 [main] LogUtils - 🟢 Set text: 0358153222 on element By.xpath: //input[@id='phonenumber']
[INFO] 26-08-2024 23:27:50 [main] LogUtils - Screenshot success !!
[INFO] 26-08-2024 23:27:52 [main] LogUtils - 🟢 Click element: By.xpath: //button[@title='System Default']
[INFO] 26-08-2024 23:27:52 [main] LogUtils - Screenshot success !!
[INFO] 26-08-2024 23:27:54 [main] LogUtils - 🟢 Click element: By.xpath: //span[normalize-space()='LTR']
[INFO] 26-08-2024 23:27:54 [main] LogUtils - Screenshot success !!
[INFO] 26-08-2024 23:27:56 [main] LogUtils - 🟢 Set text: Selenium_011 on element By.xpath: //input[@name='password']
[INFO] 26-08-2024 23:27:57 [main] LogUtils - Screenshot success !!
[INFO] 26-08-2024 23:27:58 [main] LogUtils - 🟢 Click element: By.xpath: //button[normalize-space()='Save']
[INFO] 26-08-2024 23:27:58 [main] LogUtils - Screenshot success !!
[INFO] 26-08-2024 23:28:02 [main] LogUtils - 🟢 Set text: Selenium_28@gmail.com on element By.xpath: //div[@id='DataTables_Table_0_filter']//input[@placeholder='Search...']
[INFO] 26-08-2024 23:28:02 [main] LogUtils - Screenshot success !!
[INFO] 26-08-2024 23:28:04 [main] LogUtils - getTextWebElement: Selenium_28@gmail.com
[INFO] 26-08-2024 23:28:04 [main] LogUtils - getTextWebElement: Selenium_28@gmail.com
[ERROR] 26-08-2024 23:28:07 [main] LogUtils - ❌ Test case testAddNewContact Failed
[ERROR] 26-08-2024 23:28:07 [main] LogUtils - java.lang.AssertionError: 🐞 FAIL!, Phone is not matching expected [0358153222] but found [+840358153222]
[INFO] 26-08-2024 23:28:07 [main] LogUtils - Screenshot success !!
[INFO] 26-08-2024 23:28:07 [main] LogUtils - Record success !!
[INFO] 26-08-2024 23:28:07 [main] LogUtils - ⭐️ ***** END FINISHED Mon Aug 26 23:28:07 ICT 2024 *****
[INFO] 27-08-2024 21:54:41 [main] LogUtils - ⭐️ ***** START TESTINGTue Aug 27 21:54:39 ICT 2024 *****
[INFO] 27-08-2024 21:54:41 [main] LogUtils - Load all properties{BROWERS=chrome, SCREENSHOT_STEP_FAIL=true, RECORD_VIDEO=true, SCREENSHOT_PATH=./screenshots/, EMAIL=admin@example.com, URL=https://crm.anhtester.com/admin/authentication, PAGE_LOAD_TIMEOUT=40, STEP_TIME=1, SCREENSHOT_STEP_PASS=false, RECORD_VIDEO_PATH=./videos/, PASSWORD=1234567, SCREENSHOT_STEP_ALL=false, EXPLICIT_WAIT_TIMEOUT=10}
[INFO] 27-08-2024 21:54:45 [main] LogUtils - ⭐️ Start test case testLoginSuccessNocheckRememberMe
[INFO] 27-08-2024 21:54:50 [main] LogUtils - 🌐 Open URL: https://crm.anhtester.com/admin/authentication
[INFO] 27-08-2024 21:54:51 [main] LogUtils - 🟢 Set text: admin@example.com on element By.xpath: //input[@id='email']
[INFO] 27-08-2024 21:54:53 [main] LogUtils - 🟢 Set text: 1234567 on element By.xpath: //input[@id='password']
[INFO] 27-08-2024 21:54:54 [main] LogUtils - 🟢 Click element: By.xpath: //button[normalize-space()='Login']
[ERROR] 27-08-2024 21:54:54 [main] LogUtils - ❌ Check Element Exist: false ---> By.xpath: //span[normalize-space()='Dashboard']
[ERROR] 27-08-2024 21:54:54 [main] LogUtils - ❌ Test case testLoginSuccessNocheckRememberMe Failed
[ERROR] 27-08-2024 21:54:54 [main] LogUtils - java.lang.AssertionError: Không redirect sang trang dasboard expected [true] but found [false]
[INFO] 27-08-2024 21:54:55 [main] LogUtils - Screenshot success !!
[INFO] 27-08-2024 21:54:55 [main] LogUtils - Record success !!
[INFO] 27-08-2024 21:54:55 [main] LogUtils - ⭐️ ***** END FINISHED Tue Aug 27 21:54:55 ICT 2024 *****
[INFO] 27-08-2024 21:58:27 [main] LogUtils - ⭐️ ***** START TESTINGTue Aug 27 21:58:25 ICT 2024 *****
[INFO] 27-08-2024 21:58:27 [main] LogUtils - Load all properties{BROWERS=chrome, SCREENSHOT_STEP_FAIL=true, RECORD_VIDEO=true, SCREENSHOT_PATH=./screenshots/, EMAIL=admin@example.com, URL=https://crm.anhtester.com/admin/authentication, PAGE_LOAD_TIMEOUT=40, STEP_TIME=1, SCREENSHOT_STEP_PASS=false, RECORD_VIDEO_PATH=./videos/, PASSWORD=123456, SCREENSHOT_STEP_ALL=false, EXPLICIT_WAIT_TIMEOUT=10}
[INFO] 27-08-2024 21:58:30 [main] LogUtils - ⭐️ Start test case testLoginSuccessNocheckRememberMe
[INFO] 27-08-2024 21:58:34 [main] LogUtils - 🌐 Open URL: https://crm.anhtester.com/admin/authentication
[INFO] 27-08-2024 21:58:35 [main] LogUtils - 🟢 Set text: admin@example.com on element By.xpath: //input[@id='email']
[INFO] 27-08-2024 21:58:37 [main] LogUtils - 🟢 Set text: 123456 on element By.xpath: //input[@id='password']
[INFO] 27-08-2024 21:58:42 [main] LogUtils - 🟢 Click element: By.xpath: //button[normalize-space()='Login']
[INFO] 27-08-2024 21:58:43 [main] LogUtils - ✅ Check Element Exist: true ---> By.xpath: //span[normalize-space()='Dashboard']
[INFO] 27-08-2024 21:58:43 [main] LogUtils - https://crm.anhtester.com/admin/
[INFO] 27-08-2024 21:58:43 [main] LogUtils - ✅ Test case testLoginSuccessNocheckRememberMe succesed
[INFO] 27-08-2024 21:58:43 [main] LogUtils - Record success !!
[INFO] 27-08-2024 21:58:44 [main] LogUtils - ⭐️ ***** END FINISHED Tue Aug 27 21:58:44 ICT 2024 *****
[INFO] 27-08-2024 21:59:29 [main] LogUtils - ⭐️ ***** START TESTINGTue Aug 27 21:59:27 ICT 2024 *****
[INFO] 27-08-2024 21:59:29 [main] LogUtils - Load all properties{BROWERS=chrome, SCREENSHOT_STEP_FAIL=true, RECORD_VIDEO=true, SCREENSHOT_PATH=./screenshots/, EMAIL=admin@example.com, URL=https://crm.anhtester.com/admin/authentication, PAGE_LOAD_TIMEOUT=40, STEP_TIME=1, SCREENSHOT_STEP_PASS=false, RECORD_VIDEO_PATH=./videos/, PASSWORD=123456, SCREENSHOT_STEP_ALL=false, EXPLICIT_WAIT_TIMEOUT=10}
[INFO] 27-08-2024 21:59:32 [main] LogUtils - ⭐️ Start test case testClickForgotPasswordFail
[INFO] 27-08-2024 21:59:34 [main] LogUtils - 🌐 Open URL: https://crm.anhtester.com/admin/authentication
[INFO] 27-08-2024 21:59:35 [main] LogUtils - 🟢 Set text:  on element By.xpath: //input[@id='email']
[INFO] 27-08-2024 21:59:37 [main] LogUtils - 🟢 Set text:  on element By.xpath: //input[@id='password']
[INFO] 27-08-2024 21:59:38 [main] LogUtils - 🟢 Click element: By.xpath: //label[normalize-space()='Remember me']
[INFO] 27-08-2024 21:59:40 [main] LogUtils - 🟢 Click element: By.xpath: //button[normalize-space()='Login']
[INFO] 27-08-2024 21:59:43 [main] LogUtils - 🟢 Click element: By.xpath: //a[contains(text(),'Forgot Password?')]
[INFO] 27-08-2024 21:59:44 [main] LogUtils - 🟢 Set text: avc on element By.xpath: //input[@id='email']
[INFO] 27-08-2024 21:59:46 [main] LogUtils - 🟢 Click element: By.xpath: //button[normalize-space()='Confirm']
[INFO] 27-08-2024 21:59:46 [main] LogUtils - ✅ Test case testClickForgotPasswordFail succesed
[INFO] 27-08-2024 21:59:46 [main] LogUtils - Record success !!
[INFO] 27-08-2024 21:59:48 [main] LogUtils - ⭐️ Start test case testClickForgotPasswordSuccess
[INFO] 27-08-2024 21:59:50 [main] LogUtils - 🌐 Open URL: https://crm.anhtester.com/admin/authentication
[INFO] 27-08-2024 21:59:51 [main] LogUtils - 🟢 Set text: admin123@example.cosssdam on element By.xpath: //input[@id='email']
[INFO] 27-08-2024 21:59:53 [main] LogUtils - 🟢 Set text: 123456 on element By.xpath: //input[@id='password']
[INFO] 27-08-2024 21:59:54 [main] LogUtils - 🟢 Click element: By.xpath: //button[normalize-space()='Login']
[INFO] 27-08-2024 21:59:57 [main] LogUtils - 🟢 Click element: By.xpath: //a[contains(text(),'Forgot Password?')]
[INFO] 27-08-2024 21:59:57 [main] LogUtils - ✅ Check Element Exist: true ---> By.xpath: //h1[normalize-space()='Forgot Password']
[INFO] 27-08-2024 21:59:57 [main] LogUtils - https://crm.anhtester.com/admin/authentication/forgot_password
[INFO] 27-08-2024 21:59:57 [main] LogUtils - ✅ Test case testClickForgotPasswordSuccess succesed
[INFO] 27-08-2024 21:59:58 [main] LogUtils - Record success !!
[INFO] 27-08-2024 22:00:00 [main] LogUtils - ⭐️ Start test case testForgotPasswordFailwithEmailNull
[INFO] 27-08-2024 22:00:05 [main] LogUtils - 🟢 Click element: By.xpath: //a[contains(text(),'Forgot Password?')]
[INFO] 27-08-2024 22:00:06 [main] LogUtils - 🟢 Set text:  on element By.xpath: //input[@id='email']
[INFO] 27-08-2024 22:00:07 [main] LogUtils - 🟢 Click element: By.xpath: //button[normalize-space()='Confirm']
[INFO] 27-08-2024 22:00:07 [main] LogUtils - getTextWebElement: Email not found
[INFO] 27-08-2024 22:00:07 [main] LogUtils - ✅ Test case testForgotPasswordFailwithEmailNull succesed
[INFO] 27-08-2024 22:00:07 [main] LogUtils - Record success !!
[INFO] 27-08-2024 22:00:11 [main] LogUtils - ⭐️ Start test case testLoginFailWithEmailInvalid
[INFO] 27-08-2024 22:00:13 [main] LogUtils - 🌐 Open URL: https://crm.anhtester.com/admin/authentication
[INFO] 27-08-2024 22:00:14 [main] LogUtils - 🟢 Set text: admin123@example.cosssdam on element By.xpath: //input[@id='email']
[INFO] 27-08-2024 22:00:15 [main] LogUtils - 🟢 Set text: 123456 on element By.xpath: //input[@id='password']
[INFO] 27-08-2024 22:00:17 [main] LogUtils - 🟢 Click element: By.xpath: //button[normalize-space()='Login']
[INFO] 27-08-2024 22:00:17 [main] LogUtils - ✅ Check Element Exist: true ---> By.xpath: //div[contains(@class,'alert alert-danger')]
[INFO] 27-08-2024 22:00:17 [main] LogUtils - getTextWebElement: Invalid email or password
[INFO] 27-08-2024 22:00:17 [main] LogUtils - ✅ Test case testLoginFailWithEmailInvalid succesed
[INFO] 27-08-2024 22:00:17 [main] LogUtils - Record success !!
[INFO] 27-08-2024 22:00:19 [main] LogUtils - ⭐️ Start test case testLoginFailWithEmailInvalidWithDataExel
[INFO] 27-08-2024 22:00:23 [main] LogUtils - 🌐 Open URL: https://crm.anhtester.com/admin/authentication
[INFO] 27-08-2024 22:00:25 [main] LogUtils - 🟢 Set text: admin@example.com on element By.xpath: //input[@id='email']
[INFO] 27-08-2024 22:00:26 [main] LogUtils - 🟢 Set text: 123456 on element By.xpath: //input[@id='password']
[INFO] 27-08-2024 22:00:30 [main] LogUtils - 🟢 Click element: By.xpath: //button[normalize-space()='Login']
[INFO] 27-08-2024 22:00:30 [main] LogUtils - ✅ Check Element Exist: true ---> By.xpath: //span[normalize-space()='Dashboard']
[ERROR] 27-08-2024 22:00:30 [main] LogUtils - ❌ Check Element Exist: false ---> By.xpath: //div[contains(@class,'alert alert-danger')]
[ERROR] 27-08-2024 22:00:30 [main] LogUtils - ❌ Test case testLoginFailWithEmailInvalidWithDataExel Failed
[ERROR] 27-08-2024 22:00:30 [main] LogUtils - java.lang.AssertionError: error message not display expected [true] but found [false]
[INFO] 27-08-2024 22:00:31 [main] LogUtils - Screenshot success !!
[INFO] 27-08-2024 22:00:31 [main] LogUtils - Record success !!
[INFO] 27-08-2024 22:00:34 [main] LogUtils - ⭐️ Start test case testLoginFailWithEmailNull
[INFO] 27-08-2024 22:00:36 [main] LogUtils - 🌐 Open URL: https://crm.anhtester.com/admin/authentication
[INFO] 27-08-2024 22:00:37 [main] LogUtils - 🟢 Set text:  on element By.xpath: //input[@id='email']
[INFO] 27-08-2024 22:00:38 [main] LogUtils - 🟢 Set text: sds on element By.xpath: //input[@id='password']
[INFO] 27-08-2024 22:00:39 [main] LogUtils - 🟢 Click element: By.xpath: //button[normalize-space()='Login']
[INFO] 27-08-2024 22:00:39 [main] LogUtils - ✅ Check Element Exist: true ---> By.xpath: //div[contains(@class,'alert alert-danger')]
[INFO] 27-08-2024 22:00:40 [main] LogUtils - getTextWebElement: The Email Address field is required.
[INFO] 27-08-2024 22:00:40 [main] LogUtils - ✅ Test case testLoginFailWithEmailNull succesed
[INFO] 27-08-2024 22:00:40 [main] LogUtils - Record success !!
[INFO] 27-08-2024 22:00:42 [main] LogUtils - ⭐️ Start test case testLoginFailWithEmailandPasswordNull
[INFO] 27-08-2024 22:00:44 [main] LogUtils - 🌐 Open URL: https://crm.anhtester.com/admin/authentication
[INFO] 27-08-2024 22:00:45 [main] LogUtils - 🟢 Set text:  on element By.xpath: //input[@id='email']
[INFO] 27-08-2024 22:00:46 [main] LogUtils - 🟢 Set text:  on element By.xpath: //input[@id='password']
[INFO] 27-08-2024 22:00:47 [main] LogUtils - 🟢 Click element: By.xpath: //button[normalize-space()='Login']
[INFO] 27-08-2024 22:00:48 [main] LogUtils - getTextWebElement: The Email Address field is required.
[INFO] 27-08-2024 22:00:48 [main] LogUtils - getTextWebElement: The Password field is required.
[INFO] 27-08-2024 22:00:48 [main] LogUtils - ✅ Test case testLoginFailWithEmailandPasswordNull succesed
[INFO] 27-08-2024 22:00:48 [main] LogUtils - Record success !!
[INFO] 27-08-2024 22:00:50 [main] LogUtils - ⭐️ Start test case testLoginFailWithPasswordInvalid
[INFO] 27-08-2024 22:00:52 [main] LogUtils - 🌐 Open URL: https://crm.anhtester.com/admin/authentication
[INFO] 27-08-2024 22:00:53 [main] LogUtils - 🟢 Set text: admin123@example.com on element By.xpath: //input[@id='email']
[INFO] 27-08-2024 22:00:54 [main] LogUtils - 🟢 Set text: sds on element By.xpath: //input[@id='password']
[INFO] 27-08-2024 22:00:56 [main] LogUtils - 🟢 Click element: By.xpath: //button[normalize-space()='Login']
[INFO] 27-08-2024 22:00:56 [main] LogUtils - ✅ Check Element Exist: true ---> By.xpath: //div[contains(@class,'alert alert-danger')]
[INFO] 27-08-2024 22:00:56 [main] LogUtils - getTextWebElement: Invalid email or password
[INFO] 27-08-2024 22:00:56 [main] LogUtils - ✅ Test case testLoginFailWithPasswordInvalid succesed
[INFO] 27-08-2024 22:00:56 [main] LogUtils - Record success !!
[INFO] 27-08-2024 22:00:58 [main] LogUtils - ⭐️ Start test case testLoginFailWithPasswordNull
[INFO] 27-08-2024 22:01:00 [main] LogUtils - 🌐 Open URL: https://crm.anhtester.com/admin/authentication
[INFO] 27-08-2024 22:01:01 [main] LogUtils - 🟢 Set text: admin123@example.com on element By.xpath: //input[@id='email']
[INFO] 27-08-2024 22:01:02 [main] LogUtils - 🟢 Set text:  on element By.xpath: //input[@id='password']
[INFO] 27-08-2024 22:01:04 [main] LogUtils - 🟢 Click element: By.xpath: //button[normalize-space()='Login']
[INFO] 27-08-2024 22:01:04 [main] LogUtils - ✅ Check Element Exist: true ---> By.xpath: //div[contains(@class,'alert alert-danger')]
[INFO] 27-08-2024 22:01:04 [main] LogUtils - getTextWebElement: The Password field is required.
[INFO] 27-08-2024 22:01:04 [main] LogUtils - ✅ Test case testLoginFailWithPasswordNull succesed
[INFO] 27-08-2024 22:01:04 [main] LogUtils - Record success !!
[INFO] 27-08-2024 22:01:06 [main] LogUtils - ⭐️ Start test case testLoginSuccessNocheckRememberMe
[INFO] 27-08-2024 22:01:08 [main] LogUtils - 🌐 Open URL: https://crm.anhtester.com/admin/authentication
[INFO] 27-08-2024 22:01:09 [main] LogUtils - 🟢 Set text: admin@example.com on element By.xpath: //input[@id='email']
[INFO] 27-08-2024 22:01:10 [main] LogUtils - 🟢 Set text: 123456 on element By.xpath: //input[@id='password']
[INFO] 27-08-2024 22:01:14 [main] LogUtils - 🟢 Click element: By.xpath: //button[normalize-space()='Login']
[INFO] 27-08-2024 22:01:14 [main] LogUtils - ✅ Check Element Exist: true ---> By.xpath: //span[normalize-space()='Dashboard']
[INFO] 27-08-2024 22:01:14 [main] LogUtils - https://crm.anhtester.com/admin/
[INFO] 27-08-2024 22:01:14 [main] LogUtils - ✅ Test case testLoginSuccessNocheckRememberMe succesed
[INFO] 27-08-2024 22:01:14 [main] LogUtils - Record success !!
[INFO] 27-08-2024 22:01:18 [main] LogUtils - ⭐️ Start test case testLoginSuccessNocheckRememberMeWithDataExcel
[INFO] 27-08-2024 22:01:21 [main] LogUtils - 🌐 Open URL: https://crm.anhtester.com/admin/authentication
[INFO] 27-08-2024 22:01:22 [main] LogUtils - 🟢 Set text: TEST on element By.xpath: //input[@id='email']
[INFO] 27-08-2024 22:01:24 [main] LogUtils - 🟢 Set text: 123456 on element By.xpath: //input[@id='password']
[INFO] 27-08-2024 22:01:25 [main] LogUtils - 🟢 Click element: By.xpath: //button[normalize-space()='Login']
[ERROR] 27-08-2024 22:01:25 [main] LogUtils - ❌ Check Element Exist: false ---> By.xpath: //span[normalize-space()='Dashboard']
[ERROR] 27-08-2024 22:01:25 [main] LogUtils - ❌ Test case testLoginSuccessNocheckRememberMeWithDataExcel Failed
[ERROR] 27-08-2024 22:01:25 [main] LogUtils - java.lang.AssertionError: Không redirect sang trang dasboard expected [true] but found [false]
[INFO] 27-08-2024 22:01:25 [main] LogUtils - Screenshot success !!
[INFO] 27-08-2024 22:01:26 [main] LogUtils - Record success !!
[INFO] 27-08-2024 22:01:29 [TestNG-PoolService-1] LogUtils - ⭐️ Start test case testLoginSuccessNocheckRememberMeWithDataProvider
[INFO] 27-08-2024 22:01:30 [TestNG-PoolService-1] LogUtils - 🌐 Open URL: https://crm.anhtester.com/admin/authentication
[INFO] 27-08-2024 22:01:32 [TestNG-PoolService-1] LogUtils - 🟢 Set text: admin@example.com on element By.xpath: //input[@id='email']
[INFO] 27-08-2024 22:01:33 [TestNG-PoolService-1] LogUtils - 🟢 Set text: 123456 on element By.xpath: //input[@id='password']
[INFO] 27-08-2024 22:01:37 [TestNG-PoolService-1] LogUtils - 🟢 Click element: By.xpath: //button[normalize-space()='Login']
[INFO] 27-08-2024 22:01:37 [TestNG-PoolService-1] LogUtils - ✅ Check Element Exist: true ---> By.xpath: //span[normalize-space()='Dashboard']
[INFO] 27-08-2024 22:01:38 [TestNG-PoolService-1] LogUtils - 🟢 Click element: By.xpath: //li[contains(@class,'user-profile')]
[INFO] 27-08-2024 22:01:40 [TestNG-PoolService-1] LogUtils - 🟢 Click element: By.xpath: //a[text()='Logout']
[INFO] 27-08-2024 22:01:40 [TestNG-PoolService-1] LogUtils - ✅ Test case testLoginSuccessNocheckRememberMeWithDataProvider succesed
[INFO] 27-08-2024 22:01:40 [TestNG-PoolService-1] LogUtils - Record success !!
[INFO] 27-08-2024 22:01:42 [main] LogUtils - 5 - 2
[INFO] 27-08-2024 22:01:45 [main] LogUtils - ⭐️ Start test case testLoginSuccessNocheckRememberMeWithDataProviderExcelFile
[INFO] 27-08-2024 22:01:47 [main] LogUtils - 🌐 Open URL: https://crm.anhtester.com/admin/authentication
[INFO] 27-08-2024 22:01:48 [main] LogUtils - 🟢 Set text: admin@example.com on element By.xpath: //input[@id='email']
[INFO] 27-08-2024 22:01:49 [main] LogUtils - 🟢 Set text: 123456 on element By.xpath: //input[@id='password']
[INFO] 27-08-2024 22:01:53 [main] LogUtils - 🟢 Click element: By.xpath: //button[normalize-space()='Login']
[INFO] 27-08-2024 22:01:53 [main] LogUtils - ✅ Check Element Exist: true ---> By.xpath: //span[normalize-space()='Dashboard']
[INFO] 27-08-2024 22:01:55 [main] LogUtils - 🟢 Click element: By.xpath: //li[contains(@class,'user-profile')]
[INFO] 27-08-2024 22:02:01 [main] LogUtils - 🟢 Click element: By.xpath: //a[text()='Logout']
[INFO] 27-08-2024 22:02:01 [main] LogUtils - ✅ Test case testLoginSuccessNocheckRememberMeWithDataProviderExcelFile succesed
[INFO] 27-08-2024 22:02:01 [main] LogUtils - Record success !!
[INFO] 27-08-2024 22:02:05 [main] LogUtils - ⭐️ Start test case testLoginSuccessNocheckRememberMeWithDataProviderExcelFile
[INFO] 27-08-2024 22:02:08 [main] LogUtils - 🌐 Open URL: https://crm.anhtester.com/admin/authentication
[INFO] 27-08-2024 22:02:09 [main] LogUtils - 🟢 Set text: admin@example.com on element By.xpath: //input[@id='email']
[INFO] 27-08-2024 22:02:10 [main] LogUtils - 🟢 Set text: 123456 on element By.xpath: //input[@id='password']
[INFO] 27-08-2024 22:02:15 [main] LogUtils - 🟢 Click element: By.xpath: //button[normalize-space()='Login']
[INFO] 27-08-2024 22:02:15 [main] LogUtils - ✅ Check Element Exist: true ---> By.xpath: //span[normalize-space()='Dashboard']
[INFO] 27-08-2024 22:02:16 [main] LogUtils - 🟢 Click element: By.xpath: //li[contains(@class,'user-profile')]
[INFO] 27-08-2024 22:02:17 [main] LogUtils - 🟢 Click element: By.xpath: //a[text()='Logout']
[INFO] 27-08-2024 22:02:17 [main] LogUtils - ✅ Test case testLoginSuccessNocheckRememberMeWithDataProviderExcelFile succesed
[INFO] 27-08-2024 22:02:18 [main] LogUtils - Record success !!
[INFO] 27-08-2024 22:02:20 [main] LogUtils - ⭐️ Start test case testLoginSuccessNocheckRememberMeWithDataProviderExcelFile
[INFO] 27-08-2024 22:02:22 [main] LogUtils - 🌐 Open URL: https://crm.anhtester.com/admin/authentication
[INFO] 27-08-2024 22:02:23 [main] LogUtils - 🟢 Set text: admin@example.com on element By.xpath: //input[@id='email']
[INFO] 27-08-2024 22:02:25 [main] LogUtils - 🟢 Set text: 123456 on element By.xpath: //input[@id='password']
[INFO] 27-08-2024 22:02:28 [main] LogUtils - 🟢 Click element: By.xpath: //button[normalize-space()='Login']
[INFO] 27-08-2024 22:02:28 [main] LogUtils - ✅ Check Element Exist: true ---> By.xpath: //span[normalize-space()='Dashboard']
[INFO] 27-08-2024 22:02:30 [main] LogUtils - 🟢 Click element: By.xpath: //li[contains(@class,'user-profile')]
[INFO] 27-08-2024 22:02:31 [main] LogUtils - 🟢 Click element: By.xpath: //a[text()='Logout']
[INFO] 27-08-2024 22:02:31 [main] LogUtils - ✅ Test case testLoginSuccessNocheckRememberMeWithDataProviderExcelFile succesed
[INFO] 27-08-2024 22:02:32 [main] LogUtils - Record success !!
[INFO] 27-08-2024 22:02:34 [main] LogUtils - ⭐️ Start test case testLoginSuccessNocheckRememberMeWithDataProviderExcelFile
[INFO] 27-08-2024 22:02:37 [main] LogUtils - 🌐 Open URL: https://crm.anhtester.com/admin/authentication
[INFO] 27-08-2024 22:02:38 [main] LogUtils - 🟢 Set text: admin@example.com on element By.xpath: //input[@id='email']
[INFO] 27-08-2024 22:02:39 [main] LogUtils - 🟢 Set text: 123456 on element By.xpath: //input[@id='password']
[INFO] 27-08-2024 22:02:44 [main] LogUtils - 🟢 Click element: By.xpath: //button[normalize-space()='Login']
[INFO] 27-08-2024 22:02:45 [main] LogUtils - ✅ Check Element Exist: true ---> By.xpath: //span[normalize-space()='Dashboard']
[INFO] 27-08-2024 22:02:46 [main] LogUtils - 🟢 Click element: By.xpath: //li[contains(@class,'user-profile')]
[INFO] 27-08-2024 22:02:48 [main] LogUtils - 🟢 Click element: By.xpath: //a[text()='Logout']
[INFO] 27-08-2024 22:02:48 [main] LogUtils - ✅ Test case testLoginSuccessNocheckRememberMeWithDataProviderExcelFile succesed
[INFO] 27-08-2024 22:02:49 [main] LogUtils - Record success !!
[INFO] 27-08-2024 22:02:51 [main] LogUtils - Excel Path: src/test/resources/testdata/Login.xlsx
[INFO] 27-08-2024 22:02:51 [main] LogUtils - Row: 4 - Column: 2
[INFO] 27-08-2024 22:02:51 [main] LogUtils - StartRow: 2 - EndRow: 4
[INFO] 27-08-2024 22:02:53 [main] LogUtils - ⭐️ Start test case testLoginSuccessNocheckRememberMeWithDataProviderExcelFileMutibleRow
[INFO] 27-08-2024 22:02:55 [main] LogUtils - 🌐 Open URL: https://crm.anhtester.com/admin/authentication
[INFO] 27-08-2024 22:02:56 [main] LogUtils - 🟢 Set text: admin@example.com on element By.xpath: //input[@id='email']
[INFO] 27-08-2024 22:02:57 [main] LogUtils - 🟢 Set text: 123456 on element By.xpath: //input[@id='password']
[INFO] 27-08-2024 22:03:01 [main] LogUtils - 🟢 Click element: By.xpath: //button[normalize-space()='Login']
[INFO] 27-08-2024 22:03:01 [main] LogUtils - ✅ Check Element Exist: true ---> By.xpath: //span[normalize-space()='Dashboard']
[INFO] 27-08-2024 22:03:03 [main] LogUtils - 🟢 Click element: By.xpath: //li[contains(@class,'user-profile')]
[INFO] 27-08-2024 22:03:04 [main] LogUtils - 🟢 Click element: By.xpath: //a[text()='Logout']
[INFO] 27-08-2024 22:03:04 [main] LogUtils - ✅ Test case testLoginSuccessNocheckRememberMeWithDataProviderExcelFileMutibleRow succesed
[INFO] 27-08-2024 22:03:04 [main] LogUtils - Record success !!
[INFO] 27-08-2024 22:03:07 [main] LogUtils - ⭐️ Start test case testLoginSuccessNocheckRememberMeWithDataProviderExcelFileMutibleRow
[INFO] 27-08-2024 22:03:09 [main] LogUtils - 🌐 Open URL: https://crm.anhtester.com/admin/authentication
[INFO] 27-08-2024 22:03:10 [main] LogUtils - 🟢 Set text: admin@example.com on element By.xpath: //input[@id='email']
[INFO] 27-08-2024 22:03:11 [main] LogUtils - 🟢 Set text: 123456 on element By.xpath: //input[@id='password']
[INFO] 27-08-2024 22:03:14 [main] LogUtils - 🟢 Click element: By.xpath: //button[normalize-space()='Login']
[INFO] 27-08-2024 22:03:14 [main] LogUtils - ✅ Check Element Exist: true ---> By.xpath: //span[normalize-space()='Dashboard']
[INFO] 27-08-2024 22:03:16 [main] LogUtils - 🟢 Click element: By.xpath: //li[contains(@class,'user-profile')]
[INFO] 27-08-2024 22:03:17 [main] LogUtils - 🟢 Click element: By.xpath: //a[text()='Logout']
[INFO] 27-08-2024 22:03:17 [main] LogUtils - ✅ Test case testLoginSuccessNocheckRememberMeWithDataProviderExcelFileMutibleRow succesed
[INFO] 27-08-2024 22:03:17 [main] LogUtils - Record success !!
[INFO] 27-08-2024 22:03:19 [main] LogUtils - ⭐️ Start test case testLoginSuccessNocheckRememberMeWithDataProviderExcelFileMutibleRow
[INFO] 27-08-2024 22:03:22 [main] LogUtils - 🌐 Open URL: https://crm.anhtester.com/admin/authentication
[INFO] 27-08-2024 22:03:24 [main] LogUtils - 🟢 Set text: admin@example.com on element By.xpath: //input[@id='email']
[INFO] 27-08-2024 22:03:25 [main] LogUtils - 🟢 Set text: 123456 on element By.xpath: //input[@id='password']
[INFO] 27-08-2024 22:03:29 [main] LogUtils - 🟢 Click element: By.xpath: //button[normalize-space()='Login']
[INFO] 27-08-2024 22:03:29 [main] LogUtils - ✅ Check Element Exist: true ---> By.xpath: //span[normalize-space()='Dashboard']
[INFO] 27-08-2024 22:03:31 [main] LogUtils - 🟢 Click element: By.xpath: //li[contains(@class,'user-profile')]
[INFO] 27-08-2024 22:03:32 [main] LogUtils - 🟢 Click element: By.xpath: //a[text()='Logout']
[INFO] 27-08-2024 22:03:32 [main] LogUtils - ✅ Test case testLoginSuccessNocheckRememberMeWithDataProviderExcelFileMutibleRow succesed
[INFO] 27-08-2024 22:03:32 [main] LogUtils - Record success !!
[INFO] 27-08-2024 22:03:34 [main] LogUtils - ⭐️ Start test case testLoginSuccesscheckRememberMe
[INFO] 27-08-2024 22:03:36 [main] LogUtils - 🌐 Open URL: https://crm.anhtester.com/admin/authentication
[INFO] 27-08-2024 22:03:37 [main] LogUtils - 🟢 Set text: admin@example.com on element By.xpath: //input[@id='email']
[INFO] 27-08-2024 22:03:38 [main] LogUtils - 🟢 Set text: 123456 on element By.xpath: //input[@id='password']
[INFO] 27-08-2024 22:03:39 [main] LogUtils - 🟢 Click element: By.xpath: //label[normalize-space()='Remember me']
[INFO] 27-08-2024 22:03:58 [main] LogUtils - 🟢 Click element: By.xpath: //button[normalize-space()='Login']
[INFO] 27-08-2024 22:03:58 [main] LogUtils - ✅ Check Element Exist: true ---> By.xpath: //span[normalize-space()='Dashboard']
[INFO] 27-08-2024 22:03:58 [main] LogUtils - ✅ Test case testLoginSuccesscheckRememberMe succesed
[INFO] 27-08-2024 22:03:59 [main] LogUtils - Record success !!
[INFO] 27-08-2024 22:03:59 [main] LogUtils - ⭐️ ***** END FINISHED Tue Aug 27 22:03:59 ICT 2024 *****
[INFO] 27-08-2024 23:41:30 [main] LogUtils - ⭐️ ***** START TESTINGTue Aug 27 23:41:29 ICT 2024 *****
[INFO] 27-08-2024 23:41:30 [main] LogUtils - Load all properties{BROWERS=chrome, SCREENSHOT_STEP_FAIL=true, RECORD_VIDEO=true, SCREENSHOT_PATH=./screenshots/, EMAIL=admin@example.com, URL=https://crm.anhtester.com/admin/authentication, PAGE_LOAD_TIMEOUT=40, STEP_TIME=1, SCREENSHOT_STEP_PASS=false, RECORD_VIDEO_PATH=./videos/, PASSWORD=123456, SCREENSHOT_STEP_ALL=false, EXPLICIT_WAIT_TIMEOUT=10}
[INFO] 27-08-2024 23:41:34 [main] LogUtils - ⭐️ Start test case testAddNewCustomerValidFullFiled
[INFO] 27-08-2024 23:41:38 [main] LogUtils - 🌐 Open URL: https://crm.anhtester.com/admin/authentication
[INFO] 27-08-2024 23:41:39 [main] LogUtils - 🟢 Set text: admin@example.com on element By.xpath: //input[@id='email']
[INFO] 27-08-2024 23:41:40 [main] LogUtils - 🟢 Set text: 123456 on element By.xpath: //input[@id='password']
[INFO] 27-08-2024 23:41:46 [main] LogUtils - 🟢 Click element: By.xpath: //button[normalize-space()='Login']
[INFO] 27-08-2024 23:41:48 [main] LogUtils - 🟢 Click element: By.xpath: //span[normalize-space()='Customers']
[INFO] 27-08-2024 23:41:48 [main] LogUtils - getTextWebElement: 202
[INFO] 27-08-2024 23:41:48 [main] LogUtils - getTextWebElement: 202
[INFO] 27-08-2024 23:41:49 [main] LogUtils - getTextWebElement: 202
[INFO] 27-08-2024 23:41:49 [main] LogUtils - Total customer after: 202
[INFO] 27-08-2024 23:41:50 [main] LogUtils - 🟢 Click element: By.xpath: //a[normalize-space()='New Customer']
[INFO] 27-08-2024 23:41:52 [main] LogUtils - 🟢 Set text: Selenium112023_Test18 on element By.xpath: //input[@id='company']
[INFO] 27-08-2024 23:41:53 [main] LogUtils - 🟢 Set text: 123 on element By.xpath: //input[@id='vat']
[INFO] 27-08-2024 23:41:54 [main] LogUtils - 🟢 Set text: 0358153222 on element By.xpath: //input[@id='phonenumber']
[INFO] 27-08-2024 23:41:55 [main] LogUtils - 🟢 Set text: 0358153222 on element By.xpath: //input[@id='website']
[INFO] 27-08-2024 23:41:56 [main] LogUtils - 🟢 Click element: By.xpath: //button[@data-id='groups_in[]']
[INFO] 27-08-2024 23:41:58 [main] LogUtils - 🟢 Set text: VIP on element By.xpath: //button[@data-id='groups_in[]']/following-sibling::div//input
[INFO] 27-08-2024 23:41:59 [main] LogUtils - 🟢 Click element: By.xpath: //button[@data-id='groups_in[]']
[INFO] 27-08-2024 23:42:00 [main] LogUtils - 🟢 Click element: By.xpath: (//button[@data-id='default_currency'])
[INFO] 27-08-2024 23:42:01 [main] LogUtils - 🟢 Set text: USD on element By.xpath: (//button[@data-id='default_currency'])//following-sibling::div//input
[INFO] 27-08-2024 23:42:03 [main] LogUtils - 🟢 Click element: By.xpath: (//button[@data-id='default_currency'])
[INFO] 27-08-2024 23:42:04 [main] LogUtils - 🟢 Click element: By.xpath: //button[@data-id='default_language']
[INFO] 27-08-2024 23:42:05 [main] LogUtils - 🟢 Click element: By.xpath: //span[normalize-space()='Vietnamese']
[INFO] 27-08-2024 23:42:06 [main] LogUtils - 🟢 Set text: HN on element By.xpath: //textarea[@id='address']
[INFO] 27-08-2024 23:42:08 [main] LogUtils - 🟢 Set text: HN on element By.xpath: //input[@id='city']
[INFO] 27-08-2024 23:42:09 [main] LogUtils - 🟢 Set text: HN on element By.xpath: //input[@id='state']
[INFO] 27-08-2024 23:42:10 [main] LogUtils - 🟢 Set text: HN on element By.xpath: //input[@id='zip']
[INFO] 27-08-2024 23:42:11 [main] LogUtils - 🟢 Click element: By.xpath: //button[@data-id='country']
[INFO] 27-08-2024 23:42:13 [main] LogUtils - 🟢 Set text: Vietnam on element By.xpath: //button[@data-id='country']/following-sibling::div//input
[INFO] 27-08-2024 23:42:14 [main] LogUtils - 🟢 Click element: By.xpath: //button[@data-id='country']
[INFO] 27-08-2024 23:42:17 [main] LogUtils - 🟢 Click element: By.xpath: //button[@class='btn btn-primary only-save customer-form-submiter']
[INFO] 27-08-2024 23:42:19 [main] LogUtils - ✅ Check Element Exist: true ---> By.xpath: //span[@class='alert-title']
[INFO] 27-08-2024 23:42:19 [main] LogUtils - getTextWebElement: 
[ERROR] 27-08-2024 23:42:19 [main] LogUtils - ❌ Test case testAddNewCustomerValidFullFiled Failed
[ERROR] 27-08-2024 23:42:19 [main] LogUtils - java.lang.AssertionError: 🐞 👺 FAIL. The content of error massge not match. expected [Customer added successfully.] but found []
[INFO] 27-08-2024 23:42:19 [main] LogUtils - Screenshot success !!
[INFO] 27-08-2024 23:42:20 [main] LogUtils - Record success !!
[INFO] 27-08-2024 23:42:20 [main] LogUtils - ⭐️ ***** END FINISHED Tue Aug 27 23:42:20 ICT 2024 *****
[INFO] 28-08-2024 00:11:07 [main] LogUtils - ⭐️ ***** START TESTINGWed Aug 28 00:11:05 ICT 2024 *****
[INFO] 28-08-2024 00:11:07 [main] LogUtils - Load all properties{BROWERS=chrome, SCREENSHOT_STEP_FAIL=true, RECORD_VIDEO=true, SCREENSHOT_PATH=./screenshots/, EMAIL=admin@example.com, URL=https://crm.anhtester.com/admin/authentication, PAGE_LOAD_TIMEOUT=40, STEP_TIME=1, SCREENSHOT_STEP_PASS=false, RECORD_VIDEO_PATH=./videos/, PASSWORD=123456, SCREENSHOT_STEP_ALL=false, EXPLICIT_WAIT_TIMEOUT=10}
[INFO] 28-08-2024 00:11:09 [main] LogUtils - ⭐️ Start test case testClickForgotPasswordFail
[INFO] 28-08-2024 00:11:12 [main] LogUtils - 🌐 Open URL: https://crm.anhtester.com/admin/authentication
[INFO] 28-08-2024 00:11:14 [main] LogUtils - 🟢 Set text:  on element By.xpath: //input[@id='email']
[INFO] 28-08-2024 00:11:15 [main] LogUtils - 🟢 Set text:  on element By.xpath: //input[@id='password']
[INFO] 28-08-2024 00:11:16 [main] LogUtils - 🟢 Click element: By.xpath: //label[normalize-space()='Remember me']
[INFO] 28-08-2024 00:11:17 [main] LogUtils - 🟢 Click element: By.xpath: //button[normalize-space()='Login']
[INFO] 28-08-2024 00:11:21 [main] LogUtils - 🟢 Click element: By.xpath: //a[contains(text(),'Forgot Password?')]
[INFO] 28-08-2024 00:11:22 [main] LogUtils - 🟢 Set text: avc on element By.xpath: //input[@id='email']
[INFO] 28-08-2024 00:11:23 [main] LogUtils - 🟢 Click element: By.xpath: //button[normalize-space()='Confirm']
[INFO] 28-08-2024 00:11:23 [main] LogUtils - ✅ Test case testClickForgotPasswordFail succesed
[INFO] 28-08-2024 00:11:23 [main] LogUtils - Record success !!
[INFO] 28-08-2024 00:11:25 [main] LogUtils - ⭐️ Start test case testClickForgotPasswordSuccess
[INFO] 28-08-2024 00:11:27 [main] LogUtils - 🌐 Open URL: https://crm.anhtester.com/admin/authentication
[INFO] 28-08-2024 00:11:28 [main] LogUtils - 🟢 Set text: admin123@example.cosssdam on element By.xpath: //input[@id='email']
[INFO] 28-08-2024 00:11:30 [main] LogUtils - 🟢 Set text: 123456 on element By.xpath: //input[@id='password']
[INFO] 28-08-2024 00:11:31 [main] LogUtils - 🟢 Click element: By.xpath: //button[normalize-space()='Login']
[INFO] 28-08-2024 00:11:34 [main] LogUtils - 🟢 Click element: By.xpath: //a[contains(text(),'Forgot Password?')]
[INFO] 28-08-2024 00:11:34 [main] LogUtils - ✅ Check Element Exist: true ---> By.xpath: //h1[normalize-space()='Forgot Password']
[INFO] 28-08-2024 00:11:34 [main] LogUtils - https://crm.anhtester.com/admin/authentication/forgot_password
[INFO] 28-08-2024 00:11:34 [main] LogUtils - ✅ Test case testClickForgotPasswordSuccess succesed
[INFO] 28-08-2024 00:11:34 [main] LogUtils - Record success !!
[INFO] 28-08-2024 00:11:37 [main] LogUtils - ⭐️ Start test case testForgotPasswordFailwithEmailNull
[INFO] 28-08-2024 00:11:41 [main] LogUtils - 🟢 Click element: By.xpath: //a[contains(text(),'Forgot Password?')]
[INFO] 28-08-2024 00:11:42 [main] LogUtils - 🟢 Set text:  on element By.xpath: //input[@id='email']
[INFO] 28-08-2024 00:11:43 [main] LogUtils - 🟢 Click element: By.xpath: //button[normalize-space()='Confirm']
[INFO] 28-08-2024 00:11:43 [main] LogUtils - getTextWebElement: Email not found
[INFO] 28-08-2024 00:11:43 [main] LogUtils - ✅ Test case testForgotPasswordFailwithEmailNull succesed
[INFO] 28-08-2024 00:11:43 [main] LogUtils - Record success !!
[INFO] 28-08-2024 00:11:45 [main] LogUtils - ⭐️ Start test case testLoginFailWithEmailInvalid
[INFO] 28-08-2024 00:11:47 [main] LogUtils - 🌐 Open URL: https://crm.anhtester.com/admin/authentication
[INFO] 28-08-2024 00:11:49 [main] LogUtils - 🟢 Set text: admin123@example.cosssdam on element By.xpath: //input[@id='email']
[INFO] 28-08-2024 00:11:50 [main] LogUtils - 🟢 Set text: 123456 on element By.xpath: //input[@id='password']
[INFO] 28-08-2024 00:11:51 [main] LogUtils - 🟢 Click element: By.xpath: //button[normalize-space()='Login']
[INFO] 28-08-2024 00:11:51 [main] LogUtils - ✅ Check Element Exist: true ---> By.xpath: //div[contains(@class,'alert alert-danger')]
[INFO] 28-08-2024 00:11:51 [main] LogUtils - getTextWebElement: Invalid email or password
[INFO] 28-08-2024 00:11:51 [main] LogUtils - ✅ Test case testLoginFailWithEmailInvalid succesed
[INFO] 28-08-2024 00:11:51 [main] LogUtils - Record success !!
[INFO] 28-08-2024 00:11:53 [main] LogUtils - ⭐️ Start test case testLoginFailWithEmailInvalidWithDataExel
[INFO] 28-08-2024 00:11:57 [main] LogUtils - 🌐 Open URL: https://crm.anhtester.com/admin/authentication
[INFO] 28-08-2024 00:11:58 [main] LogUtils - 🟢 Set text: admin@example.com on element By.xpath: //input[@id='email']
[INFO] 28-08-2024 00:11:59 [main] LogUtils - 🟢 Set text: 123456 on element By.xpath: //input[@id='password']
[INFO] 28-08-2024 00:12:03 [main] LogUtils - 🟢 Click element: By.xpath: //button[normalize-space()='Login']
[INFO] 28-08-2024 00:12:03 [main] LogUtils - ✅ Check Element Exist: true ---> By.xpath: //span[normalize-space()='Dashboard']
[ERROR] 28-08-2024 00:12:03 [main] LogUtils - ❌ Check Element Exist: false ---> By.xpath: //div[contains(@class,'alert alert-danger')]
[ERROR] 28-08-2024 00:12:03 [main] LogUtils - ❌ Test case testLoginFailWithEmailInvalidWithDataExel Failed
[ERROR] 28-08-2024 00:12:03 [main] LogUtils - java.lang.AssertionError: error message not display expected [true] but found [false]
[INFO] 28-08-2024 00:12:03 [main] LogUtils - Screenshot success !!
[INFO] 28-08-2024 00:12:03 [main] LogUtils - Record success !!
[INFO] 28-08-2024 00:12:07 [main] LogUtils - ⭐️ Start test case testLoginFailWithEmailNull
[INFO] 28-08-2024 00:12:09 [main] LogUtils - 🌐 Open URL: https://crm.anhtester.com/admin/authentication
[INFO] 28-08-2024 00:12:10 [main] LogUtils - 🟢 Set text:  on element By.xpath: //input[@id='email']
[INFO] 28-08-2024 00:12:11 [main] LogUtils - 🟢 Set text: sds on element By.xpath: //input[@id='password']
[INFO] 28-08-2024 00:12:12 [main] LogUtils - 🟢 Click element: By.xpath: //button[normalize-space()='Login']
[INFO] 28-08-2024 00:12:12 [main] LogUtils - ✅ Check Element Exist: true ---> By.xpath: //div[contains(@class,'alert alert-danger')]
[INFO] 28-08-2024 00:12:13 [main] LogUtils - getTextWebElement: The Email Address field is required.
[INFO] 28-08-2024 00:12:13 [main] LogUtils - ✅ Test case testLoginFailWithEmailNull succesed
[INFO] 28-08-2024 00:12:13 [main] LogUtils - Record success !!
[INFO] 28-08-2024 00:12:14 [main] LogUtils - ⭐️ Start test case testLoginFailWithEmailandPasswordNull
[INFO] 28-08-2024 00:12:16 [main] LogUtils - 🌐 Open URL: https://crm.anhtester.com/admin/authentication
[INFO] 28-08-2024 00:12:17 [main] LogUtils - 🟢 Set text:  on element By.xpath: //input[@id='email']
[INFO] 28-08-2024 00:12:19 [main] LogUtils - 🟢 Set text:  on element By.xpath: //input[@id='password']
[INFO] 28-08-2024 00:12:20 [main] LogUtils - 🟢 Click element: By.xpath: //button[normalize-space()='Login']
[INFO] 28-08-2024 00:12:20 [main] LogUtils - getTextWebElement: The Email Address field is required.
[INFO] 28-08-2024 00:12:20 [main] LogUtils - getTextWebElement: The Password field is required.
[INFO] 28-08-2024 00:12:20 [main] LogUtils - ✅ Test case testLoginFailWithEmailandPasswordNull succesed
[INFO] 28-08-2024 00:12:20 [main] LogUtils - Record success !!
[INFO] 28-08-2024 00:12:22 [main] LogUtils - ⭐️ Start test case testLoginFailWithPasswordInvalid
[INFO] 28-08-2024 00:12:24 [main] LogUtils - 🌐 Open URL: https://crm.anhtester.com/admin/authentication
[INFO] 28-08-2024 00:12:25 [main] LogUtils - 🟢 Set text: admin123@example.com on element By.xpath: //input[@id='email']
[INFO] 28-08-2024 00:12:26 [main] LogUtils - 🟢 Set text: sds on element By.xpath: //input[@id='password']
[INFO] 28-08-2024 00:12:28 [main] LogUtils - 🟢 Click element: By.xpath: //button[normalize-space()='Login']
[INFO] 28-08-2024 00:12:28 [main] LogUtils - ✅ Check Element Exist: true ---> By.xpath: //div[contains(@class,'alert alert-danger')]
[INFO] 28-08-2024 00:12:28 [main] LogUtils - getTextWebElement: Invalid email or password
[INFO] 28-08-2024 00:12:28 [main] LogUtils - ✅ Test case testLoginFailWithPasswordInvalid succesed
[INFO] 28-08-2024 00:12:28 [main] LogUtils - Record success !!
[INFO] 28-08-2024 00:12:30 [main] LogUtils - ⭐️ Start test case testLoginFailWithPasswordNull
[INFO] 28-08-2024 00:12:31 [main] LogUtils - 🌐 Open URL: https://crm.anhtester.com/admin/authentication
[INFO] 28-08-2024 00:12:33 [main] LogUtils - 🟢 Set text: admin123@example.com on element By.xpath: //input[@id='email']
[INFO] 28-08-2024 00:12:34 [main] LogUtils - 🟢 Set text:  on element By.xpath: //input[@id='password']
[INFO] 28-08-2024 00:12:35 [main] LogUtils - 🟢 Click element: By.xpath: //button[normalize-space()='Login']
[INFO] 28-08-2024 00:12:35 [main] LogUtils - ✅ Check Element Exist: true ---> By.xpath: //div[contains(@class,'alert alert-danger')]
[INFO] 28-08-2024 00:12:35 [main] LogUtils - getTextWebElement: The Password field is required.
[INFO] 28-08-2024 00:12:35 [main] LogUtils - ✅ Test case testLoginFailWithPasswordNull succesed
[INFO] 28-08-2024 00:12:35 [main] LogUtils - Record success !!
[INFO] 28-08-2024 00:12:37 [main] LogUtils - ⭐️ Start test case testLoginSuccessNocheckRememberMe
[INFO] 28-08-2024 00:12:39 [main] LogUtils - 🌐 Open URL: https://crm.anhtester.com/admin/authentication
[INFO] 28-08-2024 00:12:41 [main] LogUtils - 🟢 Set text: admin@example.com on element By.xpath: //input[@id='email']
[INFO] 28-08-2024 00:12:42 [main] LogUtils - 🟢 Set text: 123456 on element By.xpath: //input[@id='password']
[INFO] 28-08-2024 00:12:45 [main] LogUtils - 🟢 Click element: By.xpath: //button[normalize-space()='Login']
[INFO] 28-08-2024 00:12:45 [main] LogUtils - ✅ Check Element Exist: true ---> By.xpath: //span[normalize-space()='Dashboard']
[INFO] 28-08-2024 00:12:45 [main] LogUtils - https://crm.anhtester.com/admin/
[INFO] 28-08-2024 00:12:45 [main] LogUtils - ✅ Test case testLoginSuccessNocheckRememberMe succesed
[INFO] 28-08-2024 00:12:46 [main] LogUtils - Record success !!
[INFO] 28-08-2024 00:12:47 [main] LogUtils - ⭐️ Start test case testLoginSuccessNocheckRememberMeWithDataExcel
[INFO] 28-08-2024 00:12:49 [main] LogUtils - 🌐 Open URL: https://crm.anhtester.com/admin/authentication
[INFO] 28-08-2024 00:12:50 [main] LogUtils - 🟢 Set text: TEST on element By.xpath: //input[@id='email']
[INFO] 28-08-2024 00:12:52 [main] LogUtils - 🟢 Set text: 123456 on element By.xpath: //input[@id='password']
[INFO] 28-08-2024 00:12:53 [main] LogUtils - 🟢 Click element: By.xpath: //button[normalize-space()='Login']
[ERROR] 28-08-2024 00:12:53 [main] LogUtils - ❌ Check Element Exist: false ---> By.xpath: //span[normalize-space()='Dashboard']
[ERROR] 28-08-2024 00:12:53 [main] LogUtils - ❌ Test case testLoginSuccessNocheckRememberMeWithDataExcel Failed
[ERROR] 28-08-2024 00:12:53 [main] LogUtils - java.lang.AssertionError: Không redirect sang trang dasboard expected [true] but found [false]
[INFO] 28-08-2024 00:12:53 [main] LogUtils - Screenshot success !!
[INFO] 28-08-2024 00:12:53 [main] LogUtils - Record success !!
[INFO] 28-08-2024 00:12:55 [TestNG-PoolService-1] LogUtils - ⭐️ Start test case testLoginSuccessNocheckRememberMeWithDataProvider
[INFO] 28-08-2024 00:12:57 [TestNG-PoolService-1] LogUtils - 🌐 Open URL: https://crm.anhtester.com/admin/authentication
[INFO] 28-08-2024 00:12:58 [TestNG-PoolService-1] LogUtils - 🟢 Set text: admin@example.com on element By.xpath: //input[@id='email']
[INFO] 28-08-2024 00:13:00 [TestNG-PoolService-1] LogUtils - 🟢 Set text: 123456 on element By.xpath: //input[@id='password']
[INFO] 28-08-2024 00:13:03 [TestNG-PoolService-1] LogUtils - 🟢 Click element: By.xpath: //button[normalize-space()='Login']
[INFO] 28-08-2024 00:13:03 [TestNG-PoolService-1] LogUtils - ✅ Check Element Exist: true ---> By.xpath: //span[normalize-space()='Dashboard']
[INFO] 28-08-2024 00:13:04 [TestNG-PoolService-1] LogUtils - 🟢 Click element: By.xpath: //li[contains(@class,'user-profile')]
[INFO] 28-08-2024 00:13:05 [TestNG-PoolService-1] LogUtils - 🟢 Click element: By.xpath: //a[text()='Logout']
[INFO] 28-08-2024 00:13:05 [TestNG-PoolService-1] LogUtils - ✅ Test case testLoginSuccessNocheckRememberMeWithDataProvider succesed
[INFO] 28-08-2024 00:13:05 [TestNG-PoolService-1] LogUtils - Record success !!
[INFO] 28-08-2024 00:13:06 [main] LogUtils - 5 - 2
[INFO] 28-08-2024 00:13:07 [main] LogUtils - ⭐️ Start test case testLoginSuccessNocheckRememberMeWithDataProviderExcelFile
[INFO] 28-08-2024 00:13:09 [main] LogUtils - 🌐 Open URL: https://crm.anhtester.com/admin/authentication
[INFO] 28-08-2024 00:13:10 [main] LogUtils - 🟢 Set text: admin@example.com on element By.xpath: //input[@id='email']
[INFO] 28-08-2024 00:13:12 [main] LogUtils - 🟢 Set text: 123456 on element By.xpath: //input[@id='password']
[INFO] 28-08-2024 00:13:15 [main] LogUtils - 🟢 Click element: By.xpath: //button[normalize-space()='Login']
[INFO] 28-08-2024 00:13:15 [main] LogUtils - ✅ Check Element Exist: true ---> By.xpath: //span[normalize-space()='Dashboard']
[INFO] 28-08-2024 00:13:16 [main] LogUtils - 🟢 Click element: By.xpath: //li[contains(@class,'user-profile')]
[INFO] 28-08-2024 00:13:18 [main] LogUtils - 🟢 Click element: By.xpath: //a[text()='Logout']
[INFO] 28-08-2024 00:13:18 [main] LogUtils - ✅ Test case testLoginSuccessNocheckRememberMeWithDataProviderExcelFile succesed
[INFO] 28-08-2024 00:13:18 [main] LogUtils - Record success !!
[INFO] 28-08-2024 00:13:20 [main] LogUtils - ⭐️ Start test case testLoginSuccessNocheckRememberMeWithDataProviderExcelFile
[INFO] 28-08-2024 00:13:24 [main] LogUtils - 🌐 Open URL: https://crm.anhtester.com/admin/authentication
[INFO] 28-08-2024 00:13:25 [main] LogUtils - 🟢 Set text: admin@example.com on element By.xpath: //input[@id='email']
[INFO] 28-08-2024 00:13:26 [main] LogUtils - 🟢 Set text: 123456 on element By.xpath: //input[@id='password']
[INFO] 28-08-2024 00:13:30 [main] LogUtils - 🟢 Click element: By.xpath: //button[normalize-space()='Login']
[INFO] 28-08-2024 00:13:30 [main] LogUtils - ✅ Check Element Exist: true ---> By.xpath: //span[normalize-space()='Dashboard']
[INFO] 28-08-2024 00:13:32 [main] LogUtils - 🟢 Click element: By.xpath: //li[contains(@class,'user-profile')]
[INFO] 28-08-2024 00:13:33 [main] LogUtils - 🟢 Click element: By.xpath: //a[text()='Logout']
[INFO] 28-08-2024 00:13:33 [main] LogUtils - ✅ Test case testLoginSuccessNocheckRememberMeWithDataProviderExcelFile succesed
[INFO] 28-08-2024 00:13:33 [main] LogUtils - Record success !!
[INFO] 28-08-2024 00:13:36 [main] LogUtils - ⭐️ Start test case testLoginSuccessNocheckRememberMeWithDataProviderExcelFile
[INFO] 28-08-2024 00:13:38 [main] LogUtils - 🌐 Open URL: https://crm.anhtester.com/admin/authentication
[INFO] 28-08-2024 00:13:39 [main] LogUtils - 🟢 Set text: admin@example.com on element By.xpath: //input[@id='email']
[INFO] 28-08-2024 00:13:40 [main] LogUtils - 🟢 Set text: 123456 on element By.xpath: //input[@id='password']
[INFO] 28-08-2024 00:13:44 [main] LogUtils - 🟢 Click element: By.xpath: //button[normalize-space()='Login']
[INFO] 28-08-2024 00:13:44 [main] LogUtils - ✅ Check Element Exist: true ---> By.xpath: //span[normalize-space()='Dashboard']
[INFO] 28-08-2024 00:13:45 [main] LogUtils - 🟢 Click element: By.xpath: //li[contains(@class,'user-profile')]
[INFO] 28-08-2024 00:13:46 [main] LogUtils - 🟢 Click element: By.xpath: //a[text()='Logout']
[INFO] 28-08-2024 00:13:46 [main] LogUtils - ✅ Test case testLoginSuccessNocheckRememberMeWithDataProviderExcelFile succesed
[INFO] 28-08-2024 00:13:47 [main] LogUtils - Record success !!
[INFO] 28-08-2024 00:13:49 [main] LogUtils - ⭐️ Start test case testLoginSuccessNocheckRememberMeWithDataProviderExcelFile
[INFO] 28-08-2024 00:13:52 [main] LogUtils - 🌐 Open URL: https://crm.anhtester.com/admin/authentication
[INFO] 28-08-2024 00:13:53 [main] LogUtils - 🟢 Set text: admin@example.com on element By.xpath: //input[@id='email']
[INFO] 28-08-2024 00:13:55 [main] LogUtils - 🟢 Set text: 123456 on element By.xpath: //input[@id='password']
[INFO] 28-08-2024 00:13:58 [main] LogUtils - 🟢 Click element: By.xpath: //button[normalize-space()='Login']
[INFO] 28-08-2024 00:13:58 [main] LogUtils - ✅ Check Element Exist: true ---> By.xpath: //span[normalize-space()='Dashboard']
[INFO] 28-08-2024 00:13:59 [main] LogUtils - 🟢 Click element: By.xpath: //li[contains(@class,'user-profile')]
[INFO] 28-08-2024 00:14:01 [main] LogUtils - 🟢 Click element: By.xpath: //a[text()='Logout']
[INFO] 28-08-2024 00:14:01 [main] LogUtils - ✅ Test case testLoginSuccessNocheckRememberMeWithDataProviderExcelFile succesed
[INFO] 28-08-2024 00:14:01 [main] LogUtils - Record success !!
[INFO] 28-08-2024 00:14:01 [main] LogUtils - Excel Path: src/test/resources/testdata/Login.xlsx
[INFO] 28-08-2024 00:14:01 [main] LogUtils - Row: 4 - Column: 2
[INFO] 28-08-2024 00:14:01 [main] LogUtils - StartRow: 2 - EndRow: 4
[INFO] 28-08-2024 00:14:03 [main] LogUtils - ⭐️ Start test case testLoginSuccessNocheckRememberMeWithDataProviderExcelFileMutibleRow
[INFO] 28-08-2024 00:14:05 [main] LogUtils - 🌐 Open URL: https://crm.anhtester.com/admin/authentication
[INFO] 28-08-2024 00:14:07 [main] LogUtils - 🟢 Set text: admin@example.com on element By.xpath: //input[@id='email']
[INFO] 28-08-2024 00:14:08 [main] LogUtils - 🟢 Set text: 123456 on element By.xpath: //input[@id='password']
[INFO] 28-08-2024 00:14:11 [main] LogUtils - 🟢 Click element: By.xpath: //button[normalize-space()='Login']
[INFO] 28-08-2024 00:14:11 [main] LogUtils - ✅ Check Element Exist: true ---> By.xpath: //span[normalize-space()='Dashboard']
[INFO] 28-08-2024 00:14:12 [main] LogUtils - 🟢 Click element: By.xpath: //li[contains(@class,'user-profile')]
[INFO] 28-08-2024 00:14:14 [main] LogUtils - 🟢 Click element: By.xpath: //a[text()='Logout']
[INFO] 28-08-2024 00:14:14 [main] LogUtils - ✅ Test case testLoginSuccessNocheckRememberMeWithDataProviderExcelFileMutibleRow succesed
[INFO] 28-08-2024 00:14:14 [main] LogUtils - Record success !!
[INFO] 28-08-2024 00:14:17 [main] LogUtils - ⭐️ Start test case testLoginSuccessNocheckRememberMeWithDataProviderExcelFileMutibleRow
[INFO] 28-08-2024 00:14:20 [main] LogUtils - 🌐 Open URL: https://crm.anhtester.com/admin/authentication
[INFO] 28-08-2024 00:14:21 [main] LogUtils - 🟢 Set text: admin@example.com on element By.xpath: //input[@id='email']
[INFO] 28-08-2024 00:14:22 [main] LogUtils - 🟢 Set text: 123456 on element By.xpath: //input[@id='password']
[INFO] 28-08-2024 00:14:26 [main] LogUtils - 🟢 Click element: By.xpath: //button[normalize-space()='Login']
[INFO] 28-08-2024 00:14:26 [main] LogUtils - ✅ Check Element Exist: true ---> By.xpath: //span[normalize-space()='Dashboard']
[INFO] 28-08-2024 00:14:28 [main] LogUtils - 🟢 Click element: By.xpath: //li[contains(@class,'user-profile')]
[INFO] 28-08-2024 00:14:29 [main] LogUtils - 🟢 Click element: By.xpath: //a[text()='Logout']
[INFO] 28-08-2024 00:14:29 [main] LogUtils - ✅ Test case testLoginSuccessNocheckRememberMeWithDataProviderExcelFileMutibleRow succesed
[INFO] 28-08-2024 00:14:29 [main] LogUtils - Record success !!
[INFO] 28-08-2024 00:14:31 [main] LogUtils - ⭐️ Start test case testLoginSuccessNocheckRememberMeWithDataProviderExcelFileMutibleRow
[INFO] 28-08-2024 00:14:33 [main] LogUtils - 🌐 Open URL: https://crm.anhtester.com/admin/authentication
[INFO] 28-08-2024 00:14:34 [main] LogUtils - 🟢 Set text: admin@example.com on element By.xpath: //input[@id='email']
[INFO] 28-08-2024 00:14:35 [main] LogUtils - 🟢 Set text: 123456 on element By.xpath: //input[@id='password']
[INFO] 28-08-2024 00:14:39 [main] LogUtils - 🟢 Click element: By.xpath: //button[normalize-space()='Login']
[INFO] 28-08-2024 00:14:39 [main] LogUtils - ✅ Check Element Exist: true ---> By.xpath: //span[normalize-space()='Dashboard']
[INFO] 28-08-2024 00:14:41 [main] LogUtils - 🟢 Click element: By.xpath: //li[contains(@class,'user-profile')]
[INFO] 28-08-2024 00:14:42 [main] LogUtils - 🟢 Click element: By.xpath: //a[text()='Logout']
[INFO] 28-08-2024 00:14:42 [main] LogUtils - ✅ Test case testLoginSuccessNocheckRememberMeWithDataProviderExcelFileMutibleRow succesed
[INFO] 28-08-2024 00:14:42 [main] LogUtils - Record success !!
[INFO] 28-08-2024 00:14:44 [main] LogUtils - ⭐️ Start test case testLoginSuccesscheckRememberMe
[INFO] 28-08-2024 00:14:46 [main] LogUtils - 🌐 Open URL: https://crm.anhtester.com/admin/authentication
[INFO] 28-08-2024 00:14:47 [main] LogUtils - 🟢 Set text: admin@example.com on element By.xpath: //input[@id='email']
[INFO] 28-08-2024 00:14:48 [main] LogUtils - 🟢 Set text: 123456 on element By.xpath: //input[@id='password']
[INFO] 28-08-2024 00:14:49 [main] LogUtils - 🟢 Click element: By.xpath: //label[normalize-space()='Remember me']
[INFO] 28-08-2024 00:14:52 [main] LogUtils - 🟢 Click element: By.xpath: //button[normalize-space()='Login']
[INFO] 28-08-2024 00:14:52 [main] LogUtils - ✅ Check Element Exist: true ---> By.xpath: //span[normalize-space()='Dashboard']
[INFO] 28-08-2024 00:14:53 [main] LogUtils - ✅ Test case testLoginSuccesscheckRememberMe succesed
[INFO] 28-08-2024 00:14:53 [main] LogUtils - Record success !!
[INFO] 28-08-2024 00:14:53 [main] LogUtils - ⭐️ ***** END FINISHED Wed Aug 28 00:14:53 ICT 2024 *****
[INFO] 29-08-2024 22:04:15 [main] LogUtils - ⭐️ ***** START TESTINGThu Aug 29 22:04:13 ICT 2024 *****
[INFO] 29-08-2024 22:04:15 [main] LogUtils - Load all properties{BROWERS=chrome, SCREENSHOT_STEP_FAIL=true, RECORD_VIDEO=true, SCREENSHOT_PATH=./screenshots/, EMAIL=admin@example.com, URL=https://crm.anhtester.com/admin/authentication, PAGE_LOAD_TIMEOUT=40, STEP_TIME=1, SCREENSHOT_STEP_PASS=false, RECORD_VIDEO_PATH=./videos/, PASSWORD=123456, SCREENSHOT_STEP_ALL=false, EXPLICIT_WAIT_TIMEOUT=10}
[INFO] 29-08-2024 22:04:27 [main] LogUtils - ⭐️ Start test case testLoginSuccessNocheckRememberMe
[INFO] 29-08-2024 22:04:34 [main] LogUtils - 🌐 Open URL: https://crm.anhtester.com/admin/authentication
[INFO] 29-08-2024 22:04:35 [main] LogUtils - 🟢 Set text: admin@example.com on element By.xpath: //input[@id='email']
[INFO] 29-08-2024 22:04:36 [main] LogUtils - 🟢 Set text: 123456 on element By.xpath: //input[@id='password']
[INFO] 29-08-2024 22:04:41 [main] LogUtils - 🟢 Click element: By.xpath: //button[normalize-space()='Login']
[INFO] 29-08-2024 22:04:42 [main] LogUtils - ✅ Check Element Exist: true ---> By.xpath: //span[normalize-space()='Dashboard']
[INFO] 29-08-2024 22:04:42 [main] LogUtils - https://crm.anhtester.com/admin/
[INFO] 29-08-2024 22:04:42 [main] LogUtils - ✅ Test case testLoginSuccessNocheckRememberMe succesed
[INFO] 29-08-2024 22:04:42 [main] LogUtils - Record success !!
[INFO] 29-08-2024 22:04:42 [main] LogUtils - ⭐️ ***** END FINISHED Thu Aug 29 22:04:42 ICT 2024 *****
[INFO] 29-08-2024 22:07:35 [main] LogUtils - ⭐️ ***** START TESTINGThu Aug 29 22:07:33 ICT 2024 *****
[INFO] 29-08-2024 22:07:35 [main] LogUtils - Load all properties{BROWERS=chrome, SCREENSHOT_STEP_FAIL=true, RECORD_VIDEO=true, SCREENSHOT_PATH=./screenshots/, EMAIL=admin@example.com, URL=https://crm.anhtester.com/admin/authentication, PAGE_LOAD_TIMEOUT=40, STEP_TIME=1, SCREENSHOT_STEP_PASS=false, RECORD_VIDEO_PATH=./videos/, PASSWORD=123456, SCREENSHOT_STEP_ALL=false, EXPLICIT_WAIT_TIMEOUT=10}
[INFO] 29-08-2024 22:07:38 [main] LogUtils - ⭐️ Start test case testLoginSuccessNocheckRememberMe
[INFO] 29-08-2024 22:07:41 [main] LogUtils - 🌐 Open URL: https://crm.anhtester.com/admin/authentication
[INFO] 29-08-2024 22:07:42 [main] LogUtils - 🟢 Set text: admin@example.com on element By.xpath: //input[@id='email']
[INFO] 29-08-2024 22:07:43 [main] LogUtils - 🟢 Set text: 123456 on element By.xpath: //input[@id='password']
[INFO] 29-08-2024 22:07:47 [main] LogUtils - 🟢 Click element: By.xpath: //button[normalize-space()='Login']
[INFO] 29-08-2024 22:07:47 [main] LogUtils - ✅ Check Element Exist: true ---> By.xpath: //span[normalize-space()='Dashboard']
[INFO] 29-08-2024 22:07:47 [main] LogUtils - https://crm.anhtester.com/admin/
[INFO] 29-08-2024 22:07:47 [main] LogUtils - ✅ Test case testLoginSuccessNocheckRememberMe succesed
[INFO] 29-08-2024 22:07:47 [main] LogUtils - Record success !!
[INFO] 29-08-2024 22:07:47 [main] LogUtils - ⭐️ ***** END FINISHED Thu Aug 29 22:07:47 ICT 2024 *****
[INFO] 29-08-2024 22:15:41 [main] LogUtils - ⭐️ ***** START TESTINGThu Aug 29 22:15:40 ICT 2024 *****
[INFO] 29-08-2024 22:15:41 [main] LogUtils - Load all properties{BROWERS=chrome, SCREENSHOT_STEP_FAIL=true, RECORD_VIDEO=true, SCREENSHOT_PATH=./screenshots/, EMAIL=admin@example.com, URL=https://crm.anhtester.com/admin/authentication, PAGE_LOAD_TIMEOUT=40, STEP_TIME=1, SCREENSHOT_STEP_PASS=false, RECORD_VIDEO_PATH=./videos/, PASSWORD=123456, SCREENSHOT_STEP_ALL=false, EXPLICIT_WAIT_TIMEOUT=10}
[INFO] 29-08-2024 22:15:43 [main] LogUtils - ⭐️ Start test case testAddNewCustomerValidFullFiled
[INFO] 29-08-2024 22:15:48 [main] LogUtils - 🌐 Open URL: https://crm.anhtester.com/admin/authentication
[INFO] 29-08-2024 22:15:49 [main] LogUtils - 🟢 Set text: admin@example.com on element By.xpath: //input[@id='email']
[INFO] 29-08-2024 22:15:50 [main] LogUtils - 🟢 Set text: 123456 on element By.xpath: //input[@id='password']
[INFO] 29-08-2024 22:15:54 [main] LogUtils - 🟢 Click element: By.xpath: //button[normalize-space()='Login']
[INFO] 29-08-2024 22:15:56 [main] LogUtils - 🟢 Click element: By.xpath: //span[normalize-space()='Customers']
[INFO] 29-08-2024 22:15:56 [main] LogUtils - getTextWebElement: 209
[INFO] 29-08-2024 22:15:56 [main] LogUtils - getTextWebElement: 209
[INFO] 29-08-2024 22:15:56 [main] LogUtils - getTextWebElement: 209
[INFO] 29-08-2024 22:15:56 [main] LogUtils - Total customer after: 209
[INFO] 29-08-2024 22:15:58 [main] LogUtils - 🟢 Click element: By.xpath: //a[normalize-space()='New Customer']
[INFO] 29-08-2024 22:15:59 [main] LogUtils - 🟢 Set text: Selenium112023_Test18 on element By.xpath: //input[@id='company']
[INFO] 29-08-2024 22:16:00 [main] LogUtils - 🟢 Set text: 123 on element By.xpath: //input[@id='vat']
[INFO] 29-08-2024 22:16:02 [main] LogUtils - 🟢 Set text: 0358153222 on element By.xpath: //input[@id='phonenumber']
[INFO] 29-08-2024 22:16:03 [main] LogUtils - 🟢 Set text: 0358153222 on element By.xpath: //input[@id='website']
[INFO] 29-08-2024 22:16:04 [main] LogUtils - 🟢 Click element: By.xpath: //button[@data-id='groups_in[]']
[INFO] 29-08-2024 22:16:05 [main] LogUtils - 🟢 Set text: VIP on element By.xpath: //button[@data-id='groups_in[]']/following-sibling::div//input
[INFO] 29-08-2024 22:16:07 [main] LogUtils - 🟢 Click element: By.xpath: //button[@data-id='groups_in[]']
[INFO] 29-08-2024 22:16:08 [main] LogUtils - 🟢 Click element: By.xpath: (//button[@data-id='default_currency'])
[INFO] 29-08-2024 22:16:09 [main] LogUtils - 🟢 Set text: USD on element By.xpath: (//button[@data-id='default_currency'])//following-sibling::div//input
[INFO] 29-08-2024 22:16:10 [main] LogUtils - 🟢 Click element: By.xpath: (//button[@data-id='default_currency'])
[INFO] 29-08-2024 22:16:12 [main] LogUtils - 🟢 Click element: By.xpath: //button[@data-id='default_language']
[INFO] 29-08-2024 22:16:13 [main] LogUtils - 🟢 Click element: By.xpath: //span[normalize-space()='Vietnamese']
[INFO] 29-08-2024 22:16:14 [main] LogUtils - 🟢 Set text: HN on element By.xpath: //textarea[@id='address']
[INFO] 29-08-2024 22:16:15 [main] LogUtils - 🟢 Set text: HN on element By.xpath: //input[@id='city']
[INFO] 29-08-2024 22:16:17 [main] LogUtils - 🟢 Set text: HN on element By.xpath: //input[@id='state']
[INFO] 29-08-2024 22:16:18 [main] LogUtils - 🟢 Set text: HN on element By.xpath: //input[@id='zip']
[INFO] 29-08-2024 22:16:19 [main] LogUtils - 🟢 Click element: By.xpath: //button[@data-id='country']
[INFO] 29-08-2024 22:16:20 [main] LogUtils - 🟢 Set text: Vietnam on element By.xpath: //button[@data-id='country']/following-sibling::div//input
[INFO] 29-08-2024 22:16:22 [main] LogUtils - 🟢 Click element: By.xpath: //button[@data-id='country']
[INFO] 29-08-2024 22:16:24 [main] LogUtils - 🟢 Click element: By.xpath: //button[@class='btn btn-primary only-save customer-form-submiter']
[INFO] 29-08-2024 22:16:26 [main] LogUtils - ✅ Check Element Exist: true ---> By.xpath: //span[@class='alert-title']
[INFO] 29-08-2024 22:16:26 [main] LogUtils - getTextWebElement: Customer added successfully.
[ERROR] 29-08-2024 22:16:27 [main] LogUtils - ❌ Test case testAddNewCustomerValidFullFiled Failed
[ERROR] 29-08-2024 22:16:27 [main] LogUtils - org.openqa.selenium.ElementNotInteractableException: element not interactable
  (Session info: chrome=128.0.6613.85)
Build info: version: '4.23.0', revision: '4df0a231af'
System info: os.name: 'Windows 10', os.arch: 'amd64', os.version: '10.0', java.version: '20.0.2'
Driver info: org.openqa.selenium.chrome.ChromeDriver
Command: [29a33c349664413c00ca215f483c3c06, sendKeysToElement {value=[Ljava.lang.CharSequence;@2dc3271b, id=f.821A892419B8636BE19627D6052BBB40.d.D9B04B9F26F15E9A3153B7E121B789C8.e.315}]
Capabilities {acceptInsecureCerts: false, browserName: chrome, browserVersion: 128.0.6613.85, chrome: {chromedriverVersion: 128.0.6613.86 (3045ed680fda..., userDataDir: C:\Users\PHUONG~1\AppData\L...}, fedcm:accounts: true, goog:chromeOptions: {debuggerAddress: localhost:51070}, networkConnectionEnabled: false, pageLoadStrategy: normal, platformName: windows, proxy: Proxy(), se:cdp: ws://localhost:51070/devtoo..., se:cdpVersion: 128.0.6613.85, setWindowRect: true, strictFileInteractability: false, timeouts: {implicit: 0, pageLoad: 300000, script: 30000}, unhandledPromptBehavior: dismiss and notify, webauthn:extension:credBlob: true, webauthn:extension:largeBlob: true, webauthn:extension:minPinLength: true, webauthn:extension:prf: true, webauthn:virtualAuthenticators: true}
Element: [[ChromeDriver: chrome on windows (29a33c349664413c00ca215f483c3c06)] -> xpath: //div[@id='DataTables_Table_0_filter']//input[@placeholder='Search...']]
Session ID: 29a33c349664413c00ca215f483c3c06
[INFO] 29-08-2024 22:16:27 [main] LogUtils - Screenshot success !!
[INFO] 29-08-2024 22:16:28 [main] LogUtils - Record success !!
[INFO] 29-08-2024 22:16:28 [main] LogUtils - ⭐️ ***** END FINISHED Thu Aug 29 22:16:28 ICT 2024 *****
[INFO] 29-08-2024 22:27:53 [main] LogUtils - ⭐️ ***** START TESTINGThu Aug 29 22:27:52 ICT 2024 *****
[INFO] 29-08-2024 22:27:53 [main] LogUtils - Load all properties{BROWERS=chrome, SCREENSHOT_STEP_FAIL=true, RECORD_VIDEO=true, SCREENSHOT_PATH=./screenshots/, EMAIL=admin@example.com, URL=https://crm.anhtester.com/admin/authentication, PAGE_LOAD_TIMEOUT=40, STEP_TIME=1, SCREENSHOT_STEP_PASS=false, RECORD_VIDEO_PATH=./videos/, PASSWORD=123456, SCREENSHOT_STEP_ALL=false, EXPLICIT_WAIT_TIMEOUT=10}
[INFO] 29-08-2024 22:27:56 [main] LogUtils - ⭐️ Start test case testAddNewCustomerValidFullFiled
[INFO] 29-08-2024 22:28:03 [main] LogUtils - 🌐 Open URL: https://crm.anhtester.com/admin/authentication
[INFO] 29-08-2024 22:28:04 [main] LogUtils - 🟢 Set text: admin@example.com on element By.xpath: //input[@id='email']
[INFO] 29-08-2024 22:28:05 [main] LogUtils - 🟢 Set text: 123456 on element By.xpath: //input[@id='password']
[INFO] 29-08-2024 22:28:09 [main] LogUtils - 🟢 Click element: By.xpath: //button[normalize-space()='Login']
[INFO] 29-08-2024 22:28:11 [main] LogUtils - 🟢 Click element: By.xpath: //span[normalize-space()='Customers']
[INFO] 29-08-2024 22:28:11 [main] LogUtils - getTextWebElement: 210
[INFO] 29-08-2024 22:28:11 [main] LogUtils - getTextWebElement: 210
[INFO] 29-08-2024 22:28:11 [main] LogUtils - getTextWebElement: 210
[INFO] 29-08-2024 22:28:11 [main] LogUtils - Total customer after: 210
[INFO] 29-08-2024 22:28:13 [main] LogUtils - 🟢 Click element: By.xpath: //a[normalize-space()='New Customer']
[INFO] 29-08-2024 22:28:14 [main] LogUtils - 🟢 Set text: Selenium112023_Test18 on element By.xpath: //input[@id='company']
[INFO] 29-08-2024 22:28:15 [main] LogUtils - 🟢 Set text: 123 on element By.xpath: //input[@id='vat']
[INFO] 29-08-2024 22:28:17 [main] LogUtils - 🟢 Set text: 0358153222 on element By.xpath: //input[@id='phonenumber']
[INFO] 29-08-2024 22:28:18 [main] LogUtils - 🟢 Set text: 0358153222 on element By.xpath: //input[@id='website']
[INFO] 29-08-2024 22:28:19 [main] LogUtils - 🟢 Click element: By.xpath: //button[@data-id='groups_in[]']
[INFO] 29-08-2024 22:28:20 [main] LogUtils - 🟢 Set text: VIP on element By.xpath: //button[@data-id='groups_in[]']/following-sibling::div//input
[INFO] 29-08-2024 22:28:21 [main] LogUtils - 🟢 Click element: By.xpath: //button[@data-id='groups_in[]']
[INFO] 29-08-2024 22:28:23 [main] LogUtils - 🟢 Click element: By.xpath: (//button[@data-id='default_currency'])
[INFO] 29-08-2024 22:28:24 [main] LogUtils - 🟢 Set text: USD on element By.xpath: (//button[@data-id='default_currency'])//following-sibling::div//input
[INFO] 29-08-2024 22:28:25 [main] LogUtils - 🟢 Click element: By.xpath: (//button[@data-id='default_currency'])
[INFO] 29-08-2024 22:28:26 [main] LogUtils - 🟢 Click element: By.xpath: //button[@data-id='default_language']
[INFO] 29-08-2024 22:28:28 [main] LogUtils - 🟢 Click element: By.xpath: //span[normalize-space()='Vietnamese']
[INFO] 29-08-2024 22:28:29 [main] LogUtils - 🟢 Set text: HN on element By.xpath: //textarea[@id='address']
[INFO] 29-08-2024 22:28:30 [main] LogUtils - 🟢 Set text: HN on element By.xpath: //input[@id='city']
[INFO] 29-08-2024 22:28:31 [main] LogUtils - 🟢 Set text: HN on element By.xpath: //input[@id='state']
[INFO] 29-08-2024 22:28:32 [main] LogUtils - 🟢 Set text: HN on element By.xpath: //input[@id='zip']
[INFO] 29-08-2024 22:28:34 [main] LogUtils - 🟢 Click element: By.xpath: //button[@data-id='country']
[INFO] 29-08-2024 22:28:35 [main] LogUtils - 🟢 Set text: Vietnam on element By.xpath: //button[@data-id='country']/following-sibling::div//input
[INFO] 29-08-2024 22:28:36 [main] LogUtils - 🟢 Click element: By.xpath: //button[@data-id='country']
[INFO] 29-08-2024 22:28:39 [main] LogUtils - 🟢 Click element: By.xpath: //button[@class='btn btn-primary only-save customer-form-submiter']
[INFO] 29-08-2024 22:28:41 [main] LogUtils - ✅ Check Element Exist: true ---> By.xpath: //span[@class='alert-title']
[INFO] 29-08-2024 22:28:41 [main] LogUtils - getTextWebElement: Customer added successfully.
[ERROR] 29-08-2024 22:28:43 [main] LogUtils - ❌ Test case testAddNewCustomerValidFullFiled Failed
[ERROR] 29-08-2024 22:28:43 [main] LogUtils - org.openqa.selenium.ElementNotInteractableException: element not interactable
  (Session info: chrome=128.0.6613.85)
Build info: version: '4.23.0', revision: '4df0a231af'
System info: os.name: 'Windows 10', os.arch: 'amd64', os.version: '10.0', java.version: '20.0.2'
Driver info: org.openqa.selenium.chrome.ChromeDriver
Command: [290c2f683570ae23f199c3ec9605dd9b, sendKeysToElement {id=f.D9F5EB548F42F5BA146890DBBA22CDE1.d.BFB0D02C41EC862D29C27D445AA293AB.e.315, value=[Ljava.lang.CharSequence;@3c83468e}]
Capabilities {acceptInsecureCerts: false, browserName: chrome, browserVersion: 128.0.6613.85, chrome: {chromedriverVersion: 128.0.6613.86 (3045ed680fda..., userDataDir: C:\Users\PHUONG~1\AppData\L...}, fedcm:accounts: true, goog:chromeOptions: {debuggerAddress: localhost:51135}, networkConnectionEnabled: false, pageLoadStrategy: normal, platformName: windows, proxy: Proxy(), se:cdp: ws://localhost:51135/devtoo..., se:cdpVersion: 128.0.6613.85, setWindowRect: true, strictFileInteractability: false, timeouts: {implicit: 0, pageLoad: 300000, script: 30000}, unhandledPromptBehavior: dismiss and notify, webauthn:extension:credBlob: true, webauthn:extension:largeBlob: true, webauthn:extension:minPinLength: true, webauthn:extension:prf: true, webauthn:virtualAuthenticators: true}
Element: [[ChromeDriver: chrome on windows (290c2f683570ae23f199c3ec9605dd9b)] -> xpath: //div[@id='DataTables_Table_0_filter']//input[@placeholder='Search...']]
Session ID: 290c2f683570ae23f199c3ec9605dd9b
[INFO] 29-08-2024 22:28:43 [main] LogUtils - Screenshot success !!
[INFO] 29-08-2024 22:28:43 [main] LogUtils - Record success !!
[INFO] 29-08-2024 22:28:44 [main] LogUtils - ⭐️ ***** END FINISHED Thu Aug 29 22:28:44 ICT 2024 *****
[INFO] 30-08-2024 23:35:25 [main] LogUtils - ⭐️ ***** START TESTINGFri Aug 30 23:35:24 ICT 2024 *****
[INFO] 30-08-2024 23:35:25 [main] LogUtils - Load all properties{BROWERS=chrome, SCREENSHOT_STEP_FAIL=true, RECORD_VIDEO=true, SCREENSHOT_PATH=./screenshots/, EMAIL=admin@example.com, URL=https://crm.anhtester.com/admin/authentication, PAGE_LOAD_TIMEOUT=40, STEP_TIME=1, SCREENSHOT_STEP_PASS=false, RECORD_VIDEO_PATH=./videos/, PASSWORD=123456, SCREENSHOT_STEP_ALL=false, EXPLICIT_WAIT_TIMEOUT=10}
[INFO] 30-08-2024 23:35:30 [main] LogUtils - ⭐️ Start test case testLoginSuccessNocheckRememberMe
[INFO] 30-08-2024 23:35:35 [main] LogUtils - 🌐 Open URL: https://crm.anhtester.com/admin/authentication
[INFO] 30-08-2024 23:35:36 [main] LogUtils - 🟢 Set text: admin@example.com on element By.xpath: //input[@id='email']
[INFO] 30-08-2024 23:35:37 [main] LogUtils - 🟢 Set text: 123456 on element By.xpath: //input[@id='password']
[INFO] 30-08-2024 23:35:42 [main] LogUtils - 🟢 Click element: By.xpath: //button[normalize-space()='Login']
[INFO] 30-08-2024 23:35:42 [main] LogUtils - ✅ Check Element Exist: true ---> By.xpath: //span[normalize-space()='Dashboard']
[INFO] 30-08-2024 23:35:42 [main] LogUtils - https://crm.anhtester.com/admin/
[INFO] 30-08-2024 23:35:42 [main] LogUtils - ✅ Test case testLoginSuccessNocheckRememberMe succesed
[INFO] 30-08-2024 23:35:42 [main] LogUtils - Record success !!
[INFO] 30-08-2024 23:35:43 [main] LogUtils - ⭐️ ***** END FINISHED Fri Aug 30 23:35:43 ICT 2024 *****
[INFO] 30-08-2024 23:38:48 [main] LogUtils - ⭐️ ***** START TESTINGFri Aug 30 23:38:46 ICT 2024 *****
[INFO] 30-08-2024 23:38:48 [main] LogUtils - Load all properties{BROWERS=chrome, SCREENSHOT_STEP_FAIL=true, RECORD_VIDEO=true, SCREENSHOT_PATH=./screenshots/, EMAIL=admin@example.com, URL=https://crm.anhtester.com/admin/authentication, PAGE_LOAD_TIMEOUT=40, STEP_TIME=1, SCREENSHOT_STEP_PASS=false, RECORD_VIDEO_PATH=./videos/, PASSWORD=1234567, SCREENSHOT_STEP_ALL=false, EXPLICIT_WAIT_TIMEOUT=10}
[INFO] 30-08-2024 23:38:51 [main] LogUtils - ⭐️ Start test case testLoginSuccessNocheckRememberMe
[INFO] 30-08-2024 23:38:54 [main] LogUtils - 🌐 Open URL: https://crm.anhtester.com/admin/authentication
[INFO] 30-08-2024 23:38:55 [main] LogUtils - 🟢 Set text: admin@example.com on element By.xpath: //input[@id='email']
[INFO] 30-08-2024 23:38:57 [main] LogUtils - 🟢 Set text: 1234567 on element By.xpath: //input[@id='password']
[INFO] 30-08-2024 23:38:58 [main] LogUtils - 🟢 Click element: By.xpath: //button[normalize-space()='Login']
[ERROR] 30-08-2024 23:38:58 [main] LogUtils - ❌ Check Element Exist: false ---> By.xpath: //span[normalize-space()='Dashboard']
[ERROR] 30-08-2024 23:38:58 [main] LogUtils - ❌ Test case testLoginSuccessNocheckRememberMe Failed
[ERROR] 30-08-2024 23:38:58 [main] LogUtils - java.lang.AssertionError: Không redirect sang trang dasboard expected [true] but found [false]
[INFO] 30-08-2024 23:38:59 [main] LogUtils - Screenshot success !!
[INFO] 30-08-2024 23:38:59 [main] LogUtils - Record success !!
[INFO] 30-08-2024 23:38:59 [main] LogUtils - ⭐️ ***** END FINISHED Fri Aug 30 23:38:59 ICT 2024 *****
[INFO] 31-08-2024 00:09:14 [main] LogUtils - ⭐️ ***** START TESTINGSat Aug 31 00:09:11 ICT 2024 *****
[INFO] 31-08-2024 00:09:14 [main] LogUtils - Load all properties{BROWERS=chrome, SCREENSHOT_STEP_FAIL=true, RECORD_VIDEO=true, SCREENSHOT_PATH=./screenshots/, EMAIL=admin@example.com, URL=https://crm.anhtester.com/admin/authentication, PAGE_LOAD_TIMEOUT=40, STEP_TIME=1, SCREENSHOT_STEP_PASS=false, RECORD_VIDEO_PATH=./videos/, PASSWORD=1234567, SCREENSHOT_STEP_ALL=false, EXPLICIT_WAIT_TIMEOUT=10}
[INFO] 31-08-2024 00:09:20 [main] LogUtils - ⭐️ Start test case testLoginSuccessNocheckRememberMe
[INFO] 31-08-2024 00:09:24 [main] LogUtils - 🌐 Open URL: https://crm.anhtester.com/admin/authentication
[INFO] 31-08-2024 00:09:26 [main] LogUtils - Get Element: By.xpath: //input[@id='email']
[INFO] 31-08-2024 00:09:26 [main] LogUtils - 🟢 Set text: admin@example.com on element By.xpath: //input[@id='email']
[INFO] 31-08-2024 00:09:27 [main] LogUtils - Get Element: By.xpath: //input[@id='password']
[INFO] 31-08-2024 00:09:28 [main] LogUtils - 🟢 Set text: 1234567 on element By.xpath: //input[@id='password']
[INFO] 31-08-2024 00:09:28 [main] LogUtils - Get Element: By.xpath: //button[normalize-space()='Login']
[INFO] 31-08-2024 00:09:29 [main] LogUtils - Get Element: By.xpath: //button[normalize-space()='Login']
[INFO] 31-08-2024 00:09:29 [main] LogUtils - 🟢 Click element: By.xpath: //button[normalize-space()='Login']
[INFO] 31-08-2024 00:09:29 [main] LogUtils - Get list element: By.xpath: //span[normalize-space()='Dashboard']
[ERROR] 31-08-2024 00:09:29 [main] LogUtils - ❌ Check Element Exist: false ---> By.xpath: //span[normalize-space()='Dashboard']
[ERROR] 31-08-2024 00:09:29 [main] LogUtils - ❌ Test case testLoginSuccessNocheckRememberMe Failed
[ERROR] 31-08-2024 00:09:29 [main] LogUtils - java.lang.AssertionError: Không redirect sang trang dasboard expected [true] but found [false]
[INFO] 31-08-2024 00:09:30 [main] LogUtils - Screenshot success !!
[INFO] 31-08-2024 00:09:30 [main] LogUtils - Record success !!
[INFO] 31-08-2024 00:09:31 [main] LogUtils - ⭐️ ***** END FINISHED Sat Aug 31 00:09:31 ICT 2024 *****
[INFO] 31-08-2024 09:54:42 [main] LogUtils - ⭐️ ***** START TESTINGSat Aug 31 09:54:41 ICT 2024 *****
[INFO] 31-08-2024 09:54:42 [main] LogUtils - Load all properties{BROWERS=chrome, SCREENSHOT_STEP_FAIL=true, RECORD_VIDEO=true, SCREENSHOT_PATH=./screenshots/, EMAIL=admin@example.com, URL=https://crm.anhtester.com/admin/authentication, PAGE_LOAD_TIMEOUT=40, STEP_TIME=1, SCREENSHOT_STEP_PASS=false, RECORD_VIDEO_PATH=./videos/, PASSWORD=1234567, SCREENSHOT_STEP_ALL=false, EXPLICIT_WAIT_TIMEOUT=10}
[INFO] 31-08-2024 09:54:44 [main] LogUtils - ⭐️ Start test case testLoginSuccessNocheckRememberMe
[INFO] 31-08-2024 09:54:48 [main] LogUtils - 🌐 Open URL: https://crm.anhtester.com/admin/authentication
[INFO] 31-08-2024 09:54:49 [main] LogUtils - Get Element: By.xpath: //input[@id='email']
[INFO] 31-08-2024 09:54:50 [main] LogUtils - 🟢 Set text: admin@example.com on element By.xpath: //input[@id='email']
[INFO] 31-08-2024 09:54:51 [main] LogUtils - Get Element: By.xpath: //input[@id='password']
[INFO] 31-08-2024 09:54:51 [main] LogUtils - 🟢 Set text: 1234567 on element By.xpath: //input[@id='password']
[INFO] 31-08-2024 09:54:51 [main] LogUtils - Get Element: By.xpath: //button[normalize-space()='Login']
[INFO] 31-08-2024 09:54:52 [main] LogUtils - Get Element: By.xpath: //button[normalize-space()='Login']
[INFO] 31-08-2024 09:54:52 [main] LogUtils - 🟢 Click element: By.xpath: //button[normalize-space()='Login']
[INFO] 31-08-2024 09:54:52 [main] LogUtils - Get list element: By.xpath: //span[normalize-space()='Dashboard']
[ERROR] 31-08-2024 09:54:52 [main] LogUtils - ❌ Check Element Exist: false ---> By.xpath: //span[normalize-space()='Dashboard']
[ERROR] 31-08-2024 09:54:52 [main] LogUtils - ❌ Test case testLoginSuccessNocheckRememberMe Failed
[ERROR] 31-08-2024 09:54:52 [main] LogUtils - java.lang.AssertionError: Không redirect sang trang dasboard expected [true] but found [false]
[INFO] 31-08-2024 09:54:52 [main] LogUtils - Screenshot success !!
[INFO] 31-08-2024 09:54:52 [main] LogUtils - Record success !!
[INFO] 31-08-2024 09:54:53 [main] LogUtils - ⭐️ ***** END FINISHED Sat Aug 31 09:54:53 ICT 2024 *****
[INFO] 31-08-2024 13:00:40 [main] LogUtils - ⭐️ ***** START TESTINGSat Aug 31 13:00:37 ICT 2024 *****
[INFO] 31-08-2024 13:00:40 [main] LogUtils - Load all properties{BROWERS=chrome, SCREENSHOT_STEP_FAIL=true, RECORD_VIDEO=true, SCREENSHOT_PATH=./screenshots/, EMAIL=admin@example.com, URL=https://crm.anhtester.com/admin/authentication, PAGE_LOAD_TIMEOUT=40, STEP_TIME=1, SCREENSHOT_STEP_PASS=false, RECORD_VIDEO_PATH=./videos/, PASSWORD=1234567, SCREENSHOT_STEP_ALL=false, EXPLICIT_WAIT_TIMEOUT=10}
[INFO] 31-08-2024 13:00:46 [main] LogUtils - ⭐️ Start test case testLoginSuccessNocheckRememberMe
[INFO] 31-08-2024 13:00:51 [main] LogUtils - 🌐 Open URL: https://crm.anhtester.com/admin/authentication
[INFO] 31-08-2024 13:00:52 [main] LogUtils - Get Element: By.xpath: //input[@id='email']
[INFO] 31-08-2024 13:00:52 [main] LogUtils - 🟢 Set text: admin@example.com on element By.xpath: //input[@id='email']
[INFO] 31-08-2024 13:00:53 [main] LogUtils - Get Element: By.xpath: //input[@id='password']
[INFO] 31-08-2024 13:00:53 [main] LogUtils - 🟢 Set text: 1234567 on element By.xpath: //input[@id='password']
[INFO] 31-08-2024 13:00:53 [main] LogUtils - Get Element: By.xpath: //button[normalize-space()='Login']
[INFO] 31-08-2024 13:00:55 [main] LogUtils - Get Element: By.xpath: //button[normalize-space()='Login']
[INFO] 31-08-2024 13:00:55 [main] LogUtils - 🟢 Click element: By.xpath: //button[normalize-space()='Login']
[INFO] 31-08-2024 13:00:55 [main] LogUtils - Get list element: By.xpath: //span[normalize-space()='Dashboard']
[ERROR] 31-08-2024 13:00:55 [main] LogUtils - ❌ Check Element Exist: false ---> By.xpath: //span[normalize-space()='Dashboard']
[ERROR] 31-08-2024 13:00:55 [main] LogUtils - ❌ Test case testLoginSuccessNocheckRememberMe Failed
[ERROR] 31-08-2024 13:00:55 [main] LogUtils - java.lang.AssertionError: Không redirect sang trang dasboard expected [true] but found [false]
[INFO] 31-08-2024 13:00:56 [main] LogUtils - Screenshot success !!
[INFO] 31-08-2024 13:00:57 [main] LogUtils - Record success !!
[INFO] 31-08-2024 13:00:59 [main] LogUtils - ⭐️ Start test case testClickDashboard
[INFO] 31-08-2024 13:01:01 [main] LogUtils - 🌐 Open URL: https://crm.anhtester.com/admin/authentication
[INFO] 31-08-2024 13:01:02 [main] LogUtils - Get Element: By.xpath: //input[@id='email']
[INFO] 31-08-2024 13:01:02 [main] LogUtils - 🟢 Set text: admin@example.com on element By.xpath: //input[@id='email']
[INFO] 31-08-2024 13:01:03 [main] LogUtils - Get Element: By.xpath: //input[@id='password']
[INFO] 31-08-2024 13:01:04 [main] LogUtils - 🟢 Set text: 123456 on element By.xpath: //input[@id='password']
[INFO] 31-08-2024 13:01:04 [main] LogUtils - Get Element: By.xpath: //button[normalize-space()='Login']
[INFO] 31-08-2024 13:01:05 [main] LogUtils - Get Element: By.xpath: //button[normalize-space()='Login']
[INFO] 31-08-2024 13:01:10 [main] LogUtils - 🟢 Click element: By.xpath: //button[normalize-space()='Login']
[INFO] 31-08-2024 13:01:10 [main] LogUtils - Get Element: By.xpath: //span[normalize-space()='Dashboard']
[INFO] 31-08-2024 13:01:11 [main] LogUtils - Get Element: By.xpath: //span[normalize-space()='Dashboard']
[INFO] 31-08-2024 13:01:13 [main] LogUtils - 🟢 Click element: By.xpath: //span[normalize-space()='Dashboard']
[INFO] 31-08-2024 13:01:13 [main] LogUtils - Get Element: By.xpath: //span[normalize-space()='Dashboard']
[INFO] 31-08-2024 13:01:14 [main] LogUtils - Get Element: By.xpath: //span[normalize-space()='Dashboard']
[INFO] 31-08-2024 13:01:15 [main] LogUtils - 🟢 Click element: By.xpath: //span[normalize-space()='Dashboard']
[INFO] 31-08-2024 13:01:15 [main] LogUtils - Get Element: By.xpath: //div[normalize-space()='Dashboard Options']
[INFO] 31-08-2024 13:01:16 [main] LogUtils - Get Element: By.xpath: //div[normalize-space()='Dashboard Options']
[INFO] 31-08-2024 13:01:16 [main] LogUtils - 🟢 Click element: By.xpath: //div[normalize-space()='Dashboard Options']
[INFO] 31-08-2024 13:01:16 [main] LogUtils - ✅ Test case testClickDashboard succesed
[INFO] 31-08-2024 13:01:16 [main] LogUtils - Record success !!
[INFO] 31-08-2024 13:01:17 [main] LogUtils - ⭐️ ***** END FINISHED Sat Aug 31 13:01:17 ICT 2024 *****
[INFO] 31-08-2024 13:13:27 [main] LogUtils - ⭐️ ***** START TESTINGSat Aug 31 13:13:24 ICT 2024 *****
[INFO] 31-08-2024 13:13:27 [main] LogUtils - Load all properties{BROWERS=chrome, SCREENSHOT_STEP_FAIL=true, RECORD_VIDEO=true, SCREENSHOT_PATH=./screenshots/, EMAIL=admin@example.com, URL=https://crm.anhtester.com/admin/authentication, PAGE_LOAD_TIMEOUT=40, STEP_TIME=1, SCREENSHOT_STEP_PASS=false, RECORD_VIDEO_PATH=./videos/, PASSWORD=1234567, SCREENSHOT_STEP_ALL=false, EXPLICIT_WAIT_TIMEOUT=10}
[INFO] 31-08-2024 13:13:30 [main] LogUtils - ⭐️ Start test case testLoginSuccessNocheckRememberMe
[INFO] 31-08-2024 13:13:38 [main] LogUtils - 🌐 Open URL: https://crm.anhtester.com/admin/authentication
[INFO] 31-08-2024 13:13:39 [main] LogUtils - Get Element: By.xpath: //input[@id='email']
[INFO] 31-08-2024 13:13:39 [main] LogUtils - 🟢 Set text: admin@example.com on element By.xpath: //input[@id='email']
[INFO] 31-08-2024 13:13:40 [main] LogUtils - Get Element: By.xpath: //input[@id='password']
[INFO] 31-08-2024 13:13:40 [main] LogUtils - 🟢 Set text: 1234567 on element By.xpath: //input[@id='password']
[INFO] 31-08-2024 13:13:40 [main] LogUtils - Get Element: By.xpath: //button[normalize-space()='Login']
[INFO] 31-08-2024 13:13:41 [main] LogUtils - Get Element: By.xpath: //button[normalize-space()='Login']
[INFO] 31-08-2024 13:13:41 [main] LogUtils - 🟢 Click element: By.xpath: //button[normalize-space()='Login']
[INFO] 31-08-2024 13:13:41 [main] LogUtils - Get list element: By.xpath: //span[normalize-space()='Dashboard']
[ERROR] 31-08-2024 13:13:41 [main] LogUtils - ❌ Check Element Exist: false ---> By.xpath: //span[normalize-space()='Dashboard']
[ERROR] 31-08-2024 13:13:41 [main] LogUtils - ❌ Test case testLoginSuccessNocheckRememberMe Failed
[ERROR] 31-08-2024 13:13:41 [main] LogUtils - java.lang.AssertionError: Không redirect sang trang dasboard expected [true] but found [false]
[INFO] 31-08-2024 13:13:42 [main] LogUtils - Screenshot success !!
[INFO] 31-08-2024 13:13:42 [main] LogUtils - Record success !!
[INFO] 31-08-2024 13:13:43 [main] LogUtils - ⭐️ ***** END FINISHED Sat Aug 31 13:13:43 ICT 2024 *****
[INFO] 31-08-2024 13:16:07 [main] LogUtils - ⭐️ ***** START TESTINGSat Aug 31 13:16:05 ICT 2024 *****
[INFO] 31-08-2024 13:16:07 [main] LogUtils - Load all properties{BROWERS=chrome, SCREENSHOT_STEP_FAIL=true, RECORD_VIDEO=true, SCREENSHOT_PATH=./screenshots/, EMAIL=admin@example.com, URL=https://crm.anhtester.com/admin/authentication, PAGE_LOAD_TIMEOUT=40, STEP_TIME=1, SCREENSHOT_STEP_PASS=false, RECORD_VIDEO_PATH=./videos/, PASSWORD=1234567, SCREENSHOT_STEP_ALL=false, EXPLICIT_WAIT_TIMEOUT=10}
[INFO] 31-08-2024 13:16:11 [main] LogUtils - ⭐️ Start test case testLoginSuccessNocheckRememberMe
[INFO] 31-08-2024 13:16:14 [main] LogUtils - 🌐 Open URL: https://crm.anhtester.com/admin/authentication
[INFO] 31-08-2024 13:16:15 [main] LogUtils - Get Element: By.xpath: //input[@id='email']
[INFO] 31-08-2024 13:16:16 [main] LogUtils - 🟢 Set text: admin@example.com on element By.xpath: //input[@id='email']
[INFO] 31-08-2024 13:16:17 [main] LogUtils - Get Element: By.xpath: //input[@id='password']
[INFO] 31-08-2024 13:16:17 [main] LogUtils - 🟢 Set text: 1234567 on element By.xpath: //input[@id='password']
[INFO] 31-08-2024 13:16:17 [main] LogUtils - Get Element: By.xpath: //button[normalize-space()='Login']
[INFO] 31-08-2024 13:16:18 [main] LogUtils - Get Element: By.xpath: //button[normalize-space()='Login']
[INFO] 31-08-2024 13:16:18 [main] LogUtils - 🟢 Click element: By.xpath: //button[normalize-space()='Login']
[INFO] 31-08-2024 13:16:18 [main] LogUtils - Get list element: By.xpath: //span[normalize-space()='Dashboard']
[ERROR] 31-08-2024 13:16:18 [main] LogUtils - ❌ Check Element Exist: false ---> By.xpath: //span[normalize-space()='Dashboard']
[ERROR] 31-08-2024 13:16:18 [main] LogUtils - ❌ Test case testLoginSuccessNocheckRememberMe Failed
[ERROR] 31-08-2024 13:16:18 [main] LogUtils - java.lang.AssertionError: Không redirect sang trang dasboard expected [true] but found [false]
[INFO] 31-08-2024 13:16:18 [main] LogUtils - Screenshot success !!
[INFO] 31-08-2024 13:16:19 [main] LogUtils - Record success !!
[INFO] 31-08-2024 13:16:21 [main] LogUtils - ⭐️ Start test case testClickDashboard
[INFO] 31-08-2024 13:16:23 [main] LogUtils - 🌐 Open URL: https://crm.anhtester.com/admin/authentication
[INFO] 31-08-2024 13:16:24 [main] LogUtils - Get Element: By.xpath: //input[@id='email']
[INFO] 31-08-2024 13:16:24 [main] LogUtils - 🟢 Set text: admin@example.com on element By.xpath: //input[@id='email']
[INFO] 31-08-2024 13:16:25 [main] LogUtils - Get Element: By.xpath: //input[@id='password']
[INFO] 31-08-2024 13:16:25 [main] LogUtils - 🟢 Set text: 123456 on element By.xpath: //input[@id='password']
[INFO] 31-08-2024 13:16:25 [main] LogUtils - Get Element: By.xpath: //button[normalize-space()='Login']
[INFO] 31-08-2024 13:16:26 [main] LogUtils - Get Element: By.xpath: //button[normalize-space()='Login']
[INFO] 31-08-2024 13:16:29 [main] LogUtils - 🟢 Click element: By.xpath: //button[normalize-space()='Login']
[INFO] 31-08-2024 13:16:29 [main] LogUtils - Get Element: By.xpath: //span[normalize-space()='Dashboard']
[INFO] 31-08-2024 13:16:30 [main] LogUtils - Get Element: By.xpath: //span[normalize-space()='Dashboard']
[INFO] 31-08-2024 13:16:31 [main] LogUtils - 🟢 Click element: By.xpath: //span[normalize-space()='Dashboard']
[INFO] 31-08-2024 13:16:31 [main] LogUtils - Get Element: By.xpath: //span[normalize-space()='Dashboard']
[INFO] 31-08-2024 13:16:32 [main] LogUtils - Get Element: By.xpath: //span[normalize-space()='Dashboard']
[INFO] 31-08-2024 13:16:33 [main] LogUtils - 🟢 Click element: By.xpath: //span[normalize-space()='Dashboard']
[INFO] 31-08-2024 13:16:33 [main] LogUtils - Get Element: By.xpath: //div[normalize-space()='Dashboard Options']
[INFO] 31-08-2024 13:16:34 [main] LogUtils - Get Element: By.xpath: //div[normalize-space()='Dashboard Options']
[INFO] 31-08-2024 13:16:34 [main] LogUtils - 🟢 Click element: By.xpath: //div[normalize-space()='Dashboard Options']
[INFO] 31-08-2024 13:16:34 [main] LogUtils - ✅ Test case testClickDashboard succesed
[INFO] 31-08-2024 13:16:34 [main] LogUtils - Record success !!
[INFO] 31-08-2024 13:16:34 [main] LogUtils - ⭐️ ***** END FINISHED Sat Aug 31 13:16:34 ICT 2024 *****
[INFO] 31-08-2024 13:26:47 [main] LogUtils - ⭐️ ***** START TESTINGSat Aug 31 13:26:45 ICT 2024 *****
[INFO] 31-08-2024 13:26:47 [main] LogUtils - Load all properties{BROWERS=chrome, SCREENSHOT_STEP_FAIL=true, RECORD_VIDEO=true, SCREENSHOT_PATH=./screenshots/, EMAIL=admin@example.com, URL=https://crm.anhtester.com/admin/authentication, PAGE_LOAD_TIMEOUT=40, STEP_TIME=1, SCREENSHOT_STEP_PASS=false, RECORD_VIDEO_PATH=./videos/, PASSWORD=1234567, SCREENSHOT_STEP_ALL=false, EXPLICIT_WAIT_TIMEOUT=10}
[INFO] 31-08-2024 13:26:51 [main] LogUtils - ⭐️ Start test case testLoginSuccessNocheckRememberMe
[INFO] 31-08-2024 13:26:56 [main] LogUtils - 🌐 Open URL: https://crm.anhtester.com/admin/authentication
[INFO] 31-08-2024 13:26:57 [main] LogUtils - Get Element: By.xpath: //input[@id='email']
[INFO] 31-08-2024 13:26:58 [main] LogUtils - 🟢 Set text: admin@example.com on element By.xpath: //input[@id='email']
[INFO] 31-08-2024 13:26:59 [main] LogUtils - Get Element: By.xpath: //input[@id='password']
[INFO] 31-08-2024 13:26:59 [main] LogUtils - 🟢 Set text: 1234567 on element By.xpath: //input[@id='password']
[INFO] 31-08-2024 13:26:59 [main] LogUtils - Get Element: By.xpath: //button[normalize-space()='Login']
[INFO] 31-08-2024 13:27:00 [main] LogUtils - Get Element: By.xpath: //button[normalize-space()='Login']
[INFO] 31-08-2024 13:27:00 [main] LogUtils - 🟢 Click element: By.xpath: //button[normalize-space()='Login']
[INFO] 31-08-2024 13:27:00 [main] LogUtils - Get list element: By.xpath: //span[normalize-space()='Dashboard']
[ERROR] 31-08-2024 13:27:00 [main] LogUtils - ❌ Check Element Exist: false ---> By.xpath: //span[normalize-space()='Dashboard']
[ERROR] 31-08-2024 13:27:00 [main] LogUtils - ❌ Test case testLoginSuccessNocheckRememberMe Failed
[ERROR] 31-08-2024 13:27:00 [main] LogUtils - java.lang.AssertionError: Không redirect sang trang dasboard expected [true] but found [false]
[INFO] 31-08-2024 13:27:00 [main] LogUtils - Screenshot success !!
[INFO] 31-08-2024 13:27:01 [main] LogUtils - Record success !!
[INFO] 31-08-2024 13:27:03 [main] LogUtils - ⭐️ Start test case testClickDashboard
[INFO] 31-08-2024 13:27:05 [main] LogUtils - 🌐 Open URL: https://crm.anhtester.com/admin/authentication
[INFO] 31-08-2024 13:27:06 [main] LogUtils - Get Element: By.xpath: //input[@id='email']
[INFO] 31-08-2024 13:27:07 [main] LogUtils - 🟢 Set text: admin@example.com on element By.xpath: //input[@id='email']
[INFO] 31-08-2024 13:27:08 [main] LogUtils - Get Element: By.xpath: //input[@id='password']
[INFO] 31-08-2024 13:27:08 [main] LogUtils - 🟢 Set text: 123456 on element By.xpath: //input[@id='password']
[INFO] 31-08-2024 13:27:08 [main] LogUtils - Get Element: By.xpath: //button[normalize-space()='Login']
[INFO] 31-08-2024 13:27:09 [main] LogUtils - Get Element: By.xpath: //button[normalize-space()='Login']
[INFO] 31-08-2024 13:27:11 [main] LogUtils - 🟢 Click element: By.xpath: //button[normalize-space()='Login']
[INFO] 31-08-2024 13:27:11 [main] LogUtils - Get Element: By.xpath: //span[normalize-space()='Dashboard']
[INFO] 31-08-2024 13:27:13 [main] LogUtils - Get Element: By.xpath: //span[normalize-space()='Dashboard']
[INFO] 31-08-2024 13:27:13 [main] LogUtils - 🟢 Click element: By.xpath: //span[normalize-space()='Dashboard']
[INFO] 31-08-2024 13:27:13 [main] LogUtils - Get Element: By.xpath: //span[normalize-space()='Dashboard']
[INFO] 31-08-2024 13:27:14 [main] LogUtils - Get Element: By.xpath: //span[normalize-space()='Dashboard']
[INFO] 31-08-2024 13:27:15 [main] LogUtils - 🟢 Click element: By.xpath: //span[normalize-space()='Dashboard']
[INFO] 31-08-2024 13:27:15 [main] LogUtils - Get Element: By.xpath: //div[normalize-space()='Dashboard Options']
[INFO] 31-08-2024 13:27:16 [main] LogUtils - Get Element: By.xpath: //div[normalize-space()='Dashboard Options']
[INFO] 31-08-2024 13:27:17 [main] LogUtils - 🟢 Click element: By.xpath: //div[normalize-space()='Dashboard Options']
[INFO] 31-08-2024 13:27:17 [main] LogUtils - ✅ Test case testClickDashboard succesed
[INFO] 31-08-2024 13:27:17 [main] LogUtils - Record success !!
[INFO] 31-08-2024 13:27:17 [main] LogUtils - ⭐️ ***** END FINISHED Sat Aug 31 13:27:17 ICT 2024 *****
[INFO] 31-08-2024 13:34:40 [main] LogUtils - ⭐️ ***** START TESTINGSat Aug 31 13:34:38 ICT 2024 *****
[INFO] 31-08-2024 13:34:40 [main] LogUtils - Load all properties{BROWERS=chrome, SCREENSHOT_STEP_FAIL=true, RECORD_VIDEO=true, SCREENSHOT_PATH=./screenshots/, EMAIL=admin@example.com, URL=https://crm.anhtester.com/admin/authentication, PAGE_LOAD_TIMEOUT=40, STEP_TIME=1, SCREENSHOT_STEP_PASS=false, RECORD_VIDEO_PATH=./videos/, PASSWORD=1234567, SCREENSHOT_STEP_ALL=false, EXPLICIT_WAIT_TIMEOUT=10}
[INFO] 31-08-2024 13:34:43 [main] LogUtils - ⭐️ Start test case testLoginSuccessNocheckRememberMe
[INFO] 31-08-2024 13:34:47 [main] LogUtils - 🌐 Open URL: https://crm.anhtester.com/admin/authentication
[INFO] 31-08-2024 13:34:48 [main] LogUtils - Get Element: By.xpath: //input[@id='email']
[INFO] 31-08-2024 13:34:48 [main] LogUtils - 🟢 Set text: admin@example.com on element By.xpath: //input[@id='email']
[INFO] 31-08-2024 13:34:50 [main] LogUtils - Get Element: By.xpath: //input[@id='password']
[INFO] 31-08-2024 13:34:50 [main] LogUtils - 🟢 Set text: 1234567 on element By.xpath: //input[@id='password']
[INFO] 31-08-2024 13:34:50 [main] LogUtils - Get Element: By.xpath: //button[normalize-space()='Login']
[INFO] 31-08-2024 13:34:51 [main] LogUtils - Get Element: By.xpath: //button[normalize-space()='Login']
[INFO] 31-08-2024 13:34:51 [main] LogUtils - 🟢 Click element: By.xpath: //button[normalize-space()='Login']
[INFO] 31-08-2024 13:34:51 [main] LogUtils - Get list element: By.xpath: //span[normalize-space()='Dashboard']
[ERROR] 31-08-2024 13:34:51 [main] LogUtils - ❌ Check Element Exist: false ---> By.xpath: //span[normalize-space()='Dashboard']
[ERROR] 31-08-2024 13:34:51 [main] LogUtils - ❌ Test case testLoginSuccessNocheckRememberMe Failed
[ERROR] 31-08-2024 13:34:51 [main] LogUtils - java.lang.AssertionError: Không redirect sang trang dasboard expected [true] but found [false]
[INFO] 31-08-2024 13:34:51 [main] LogUtils - Screenshot success !!
[INFO] 31-08-2024 13:34:52 [main] LogUtils - Record success !!
[INFO] 31-08-2024 13:34:54 [main] LogUtils - ⭐️ Start test case testClickDashboard
[INFO] 31-08-2024 13:34:55 [main] LogUtils - 🌐 Open URL: https://crm.anhtester.com/admin/authentication
[INFO] 31-08-2024 13:34:56 [main] LogUtils - Get Element: By.xpath: //input[@id='email']
[INFO] 31-08-2024 13:34:57 [main] LogUtils - 🟢 Set text: admin@example.com on element By.xpath: //input[@id='email']
[INFO] 31-08-2024 13:34:58 [main] LogUtils - Get Element: By.xpath: //input[@id='password']
[INFO] 31-08-2024 13:34:58 [main] LogUtils - 🟢 Set text: 123456 on element By.xpath: //input[@id='password']
[INFO] 31-08-2024 13:34:58 [main] LogUtils - Get Element: By.xpath: //button[normalize-space()='Login']
[INFO] 31-08-2024 13:34:59 [main] LogUtils - Get Element: By.xpath: //button[normalize-space()='Login']
[INFO] 31-08-2024 13:35:01 [main] LogUtils - 🟢 Click element: By.xpath: //button[normalize-space()='Login']
[INFO] 31-08-2024 13:35:01 [main] LogUtils - Get Element: By.xpath: //span[normalize-space()='Dashboard']
[INFO] 31-08-2024 13:35:02 [main] LogUtils - Get Element: By.xpath: //span[normalize-space()='Dashboard']
[INFO] 31-08-2024 13:35:03 [main] LogUtils - 🟢 Click element: By.xpath: //span[normalize-space()='Dashboard']
[INFO] 31-08-2024 13:35:03 [main] LogUtils - Get Element: By.xpath: //span[normalize-space()='Dashboard']
[INFO] 31-08-2024 13:35:04 [main] LogUtils - Get Element: By.xpath: //span[normalize-space()='Dashboard']
[INFO] 31-08-2024 13:35:05 [main] LogUtils - 🟢 Click element: By.xpath: //span[normalize-space()='Dashboard']
[INFO] 31-08-2024 13:35:05 [main] LogUtils - Get Element: By.xpath: //div[normalize-space()='Dashboard Options']
[INFO] 31-08-2024 13:35:06 [main] LogUtils - Get Element: By.xpath: //div[normalize-space()='Dashboard Options']
[INFO] 31-08-2024 13:35:06 [main] LogUtils - 🟢 Click element: By.xpath: //div[normalize-space()='Dashboard Options']
[INFO] 31-08-2024 13:35:06 [main] LogUtils - ✅ Test case testClickDashboard succesed
[INFO] 31-08-2024 13:35:06 [main] LogUtils - Record success !!
[INFO] 31-08-2024 13:35:07 [main] LogUtils - ⭐️ ***** END FINISHED Sat Aug 31 13:35:07 ICT 2024 *****
[INFO] 31-08-2024 17:21:28 [main] LogUtils - ⭐️ ***** START TESTINGSat Aug 31 17:21:25 ICT 2024 *****
[INFO] 31-08-2024 17:21:28 [main] LogUtils - Load all properties{BROWERS=chrome, SCREENSHOT_STEP_FAIL=true, RECORD_VIDEO=true, SCREENSHOT_PATH=./screenshots/, EMAIL=admin@example.com, URL=https://crm.anhtester.com/admin/authentication, PAGE_LOAD_TIMEOUT=40, STEP_TIME=1, SCREENSHOT_STEP_PASS=false, RECORD_VIDEO_PATH=./videos/, PASSWORD=1234567, SCREENSHOT_STEP_ALL=false, EXPLICIT_WAIT_TIMEOUT=10}
[INFO] 31-08-2024 17:21:32 [main] LogUtils - ⭐️ Start test case testLoginSuccessNocheckRememberMe
[INFO] 31-08-2024 17:21:37 [main] LogUtils - 🌐 Open URL: https://crm.anhtester.com/admin/authentication
[INFO] 31-08-2024 17:21:38 [main] LogUtils - Get Element: By.xpath: //input[@id='email']
[INFO] 31-08-2024 17:21:38 [main] LogUtils - 🟢 Set text: admin@example.com on element By.xpath: //input[@id='email']
[INFO] 31-08-2024 17:21:39 [main] LogUtils - Get Element: By.xpath: //input[@id='password']
[INFO] 31-08-2024 17:21:39 [main] LogUtils - 🟢 Set text: 1234567 on element By.xpath: //input[@id='password']
[INFO] 31-08-2024 17:21:39 [main] LogUtils - Get Element: By.xpath: //button[normalize-space()='Login']
[INFO] 31-08-2024 17:21:40 [main] LogUtils - Get Element: By.xpath: //button[normalize-space()='Login']
[INFO] 31-08-2024 17:21:41 [main] LogUtils - 🟢 Click element: By.xpath: //button[normalize-space()='Login']
[INFO] 31-08-2024 17:21:41 [main] LogUtils - Get list element: By.xpath: //span[normalize-space()='Dashboard']
[ERROR] 31-08-2024 17:21:41 [main] LogUtils - ❌ Check Element Exist: false ---> By.xpath: //span[normalize-space()='Dashboard']
[ERROR] 31-08-2024 17:21:41 [main] LogUtils - ❌ Test case testLoginSuccessNocheckRememberMe Failed
[ERROR] 31-08-2024 17:21:41 [main] LogUtils - java.lang.AssertionError: Không redirect sang trang dasboard expected [true] but found [false]
[INFO] 31-08-2024 17:21:41 [main] LogUtils - Screenshot success !!
[INFO] 31-08-2024 17:21:42 [main] LogUtils - Record success !!
[INFO] 31-08-2024 17:21:44 [main] LogUtils - ⭐️ Start test case testClickDashboard
[INFO] 31-08-2024 17:21:46 [main] LogUtils - 🌐 Open URL: https://crm.anhtester.com/admin/authentication
[INFO] 31-08-2024 17:21:47 [main] LogUtils - Get Element: By.xpath: //input[@id='email']
[INFO] 31-08-2024 17:21:47 [main] LogUtils - 🟢 Set text: admin@example.com on element By.xpath: //input[@id='email']
[INFO] 31-08-2024 17:21:48 [main] LogUtils - Get Element: By.xpath: //input[@id='password']
[INFO] 31-08-2024 17:21:49 [main] LogUtils - 🟢 Set text: 123456 on element By.xpath: //input[@id='password']
[INFO] 31-08-2024 17:21:49 [main] LogUtils - Get Element: By.xpath: //button[normalize-space()='Login']
[INFO] 31-08-2024 17:21:50 [main] LogUtils - Get Element: By.xpath: //button[normalize-space()='Login']
[INFO] 31-08-2024 17:21:52 [main] LogUtils - 🟢 Click element: By.xpath: //button[normalize-space()='Login']
[INFO] 31-08-2024 17:21:52 [main] LogUtils - Get Element: By.xpath: //span[normalize-space()='Dashboard']
[INFO] 31-08-2024 17:21:54 [main] LogUtils - Get Element: By.xpath: //span[normalize-space()='Dashboard']
[INFO] 31-08-2024 17:21:55 [main] LogUtils - 🟢 Click element: By.xpath: //span[normalize-space()='Dashboard']
[INFO] 31-08-2024 17:21:55 [main] LogUtils - Get Element: By.xpath: //span[normalize-space()='Dashboard']
[INFO] 31-08-2024 17:21:56 [main] LogUtils - Get Element: By.xpath: //span[normalize-space()='Dashboard']
[INFO] 31-08-2024 17:21:57 [main] LogUtils - 🟢 Click element: By.xpath: //span[normalize-space()='Dashboard']
[INFO] 31-08-2024 17:21:57 [main] LogUtils - Get Element: By.xpath: //div[normalize-space()='Dashboard Options']
[INFO] 31-08-2024 17:21:58 [main] LogUtils - Get Element: By.xpath: //div[normalize-space()='Dashboard Options']
[INFO] 31-08-2024 17:21:59 [main] LogUtils - 🟢 Click element: By.xpath: //div[normalize-space()='Dashboard Options']
[INFO] 31-08-2024 17:21:59 [main] LogUtils - ✅ Test case testClickDashboard succesed
[INFO] 31-08-2024 17:21:59 [main] LogUtils - Record success !!
[INFO] 31-08-2024 17:21:59 [main] LogUtils - ⭐️ ***** END FINISHED Sat Aug 31 17:21:59 ICT 2024 *****
[INFO] 31-08-2024 17:24:24 [TestNG-tests-1] LogUtils - ⭐️ ***** START TESTINGSat Aug 31 17:24:21 ICT 2024 *****
[INFO] 31-08-2024 17:24:24 [TestNG-tests-2] LogUtils - ⭐️ ***** START TESTINGSat Aug 31 17:24:21 ICT 2024 *****
[INFO] 31-08-2024 17:24:24 [TestNG-tests-2] LogUtils - Load all properties{BROWERS=chrome, SCREENSHOT_STEP_FAIL=true, RECORD_VIDEO=true, SCREENSHOT_PATH=./screenshots/, EMAIL=admin@example.com, URL=https://crm.anhtester.com/admin/authentication, PAGE_LOAD_TIMEOUT=40, STEP_TIME=1, SCREENSHOT_STEP_PASS=false, RECORD_VIDEO_PATH=./videos/, PASSWORD=1234567, SCREENSHOT_STEP_ALL=false, EXPLICIT_WAIT_TIMEOUT=10}
[INFO] 31-08-2024 17:24:24 [TestNG-tests-1] LogUtils - Load all properties{BROWERS=chrome, SCREENSHOT_STEP_FAIL=true, RECORD_VIDEO=true, SCREENSHOT_PATH=./screenshots/, EMAIL=admin@example.com, URL=https://crm.anhtester.com/admin/authentication, PAGE_LOAD_TIMEOUT=40, STEP_TIME=1, SCREENSHOT_STEP_PASS=false, RECORD_VIDEO_PATH=./videos/, PASSWORD=1234567, SCREENSHOT_STEP_ALL=false, EXPLICIT_WAIT_TIMEOUT=10}
[INFO] 31-08-2024 17:24:30 [TestNG-test=sample test1-4] LogUtils - ⭐️ Start test case testCheckTotalSectionStatistics
[INFO] 31-08-2024 17:24:30 [TestNG-test=sample test1-1] LogUtils - ⭐️ Start test case testAddnewTodoWithBlankDesscription
[INFO] 31-08-2024 17:24:30 [TestNG-test=sample test1-2] LogUtils - ⭐️ Start test case testAddnewTodoWithDesscription
[INFO] 31-08-2024 17:24:30 [TestNG-test=sample test1-3] LogUtils - ⭐️ Start test case testCheckTotalSectionMyToDoItems
[INFO] 31-08-2024 17:24:30 [TestNG-test=sample test2-1] LogUtils - ⭐️ Start test case testClickMenuProject
[INFO] 31-08-2024 17:24:30 [TestNG-test=sample test1-5] LogUtils - ⭐️ Start test case testClicMarkAllAsRead
[INFO] 31-08-2024 17:24:34 [TestNG-test=sample test2-1] LogUtils - 🌐 Open URL: https://crm.anhtester.com/admin/authentication
[INFO] 31-08-2024 17:24:34 [TestNG-test=sample test1-2] LogUtils - 🌐 Open URL: https://crm.anhtester.com/admin/authentication
[INFO] 31-08-2024 17:24:35 [TestNG-test=sample test1-4] LogUtils - 🌐 Open URL: https://crm.anhtester.com/admin/authentication
[INFO] 31-08-2024 17:24:35 [TestNG-test=sample test1-2] LogUtils - Get Element: By.xpath: //input[@id='email']
[INFO] 31-08-2024 17:24:35 [TestNG-test=sample test1-5] LogUtils - 🌐 Open URL: https://crm.anhtester.com/admin/authentication
[INFO] 31-08-2024 17:24:35 [TestNG-test=sample test1-2] LogUtils - 🟢 Set text: admin@example.com on element By.xpath: //input[@id='email']
[INFO] 31-08-2024 17:24:35 [TestNG-test=sample test2-1] LogUtils - Get Element: By.xpath: //input[@id='email']
[INFO] 31-08-2024 17:24:36 [TestNG-test=sample test2-1] LogUtils - 🟢 Set text: admin@example.com on element By.xpath: //input[@id='email']
[INFO] 31-08-2024 17:24:36 [TestNG-test=sample test1-4] LogUtils - Get Element: By.xpath: //input[@id='email']
[INFO] 31-08-2024 17:24:36 [TestNG-test=sample test1-4] LogUtils - 🟢 Set text: admin@example.com on element By.xpath: //input[@id='email']
[INFO] 31-08-2024 17:24:36 [TestNG-test=sample test1-5] LogUtils - Get Element: By.xpath: //input[@id='email']
[INFO] 31-08-2024 17:24:36 [TestNG-test=sample test1-2] LogUtils - Get Element: By.xpath: //input[@id='password']
[INFO] 31-08-2024 17:24:36 [TestNG-test=sample test1-5] LogUtils - 🟢 Set text: admin@example.com on element By.xpath: //input[@id='email']
[INFO] 31-08-2024 17:24:36 [TestNG-test=sample test1-2] LogUtils - 🟢 Set text: 123456 on element By.xpath: //input[@id='password']
[INFO] 31-08-2024 17:24:36 [TestNG-test=sample test1-2] LogUtils - Get Element: By.xpath: //button[normalize-space()='Login']
[INFO] 31-08-2024 17:24:37 [TestNG-test=sample test1-3] LogUtils - 🌐 Open URL: https://crm.anhtester.com/admin/authentication
[INFO] 31-08-2024 17:24:37 [TestNG-test=sample test2-1] LogUtils - Get Element: By.xpath: //input[@id='password']
[INFO] 31-08-2024 17:24:37 [TestNG-test=sample test2-1] LogUtils - 🟢 Set text: 123456 on element By.xpath: //input[@id='password']
[INFO] 31-08-2024 17:24:37 [TestNG-test=sample test2-1] LogUtils - Get Element: By.xpath: //button[normalize-space()='Login']
[INFO] 31-08-2024 17:24:37 [TestNG-test=sample test1-4] LogUtils - Get Element: By.xpath: //input[@id='password']
[INFO] 31-08-2024 17:24:37 [TestNG-test=sample test1-4] LogUtils - 🟢 Set text: 123456 on element By.xpath: //input[@id='password']
[INFO] 31-08-2024 17:24:37 [TestNG-test=sample test1-4] LogUtils - Get Element: By.xpath: //button[normalize-space()='Login']
[INFO] 31-08-2024 17:24:37 [TestNG-test=sample test1-5] LogUtils - Get Element: By.xpath: //input[@id='password']
[INFO] 31-08-2024 17:24:38 [TestNG-test=sample test1-2] LogUtils - Get Element: By.xpath: //button[normalize-space()='Login']
[INFO] 31-08-2024 17:24:38 [TestNG-test=sample test1-5] LogUtils - 🟢 Set text: 123456 on element By.xpath: //input[@id='password']
[INFO] 31-08-2024 17:24:38 [TestNG-test=sample test1-5] LogUtils - Get Element: By.xpath: //button[normalize-space()='Login']
[INFO] 31-08-2024 17:24:38 [TestNG-test=sample test1-3] LogUtils - Get Element: By.xpath: //input[@id='email']
[INFO] 31-08-2024 17:24:38 [TestNG-test=sample test2-1] LogUtils - Get Element: By.xpath: //button[normalize-space()='Login']
[INFO] 31-08-2024 17:24:38 [TestNG-test=sample test1-3] LogUtils - 🟢 Set text: admin@example.com on element By.xpath: //input[@id='email']
[INFO] 31-08-2024 17:24:38 [TestNG-test=sample test1-4] LogUtils - Get Element: By.xpath: //button[normalize-space()='Login']
[INFO] 31-08-2024 17:24:39 [TestNG-test=sample test1-5] LogUtils - Get Element: By.xpath: //button[normalize-space()='Login']
[INFO] 31-08-2024 17:24:39 [TestNG-test=sample test1-3] LogUtils - Get Element: By.xpath: //input[@id='password']
[INFO] 31-08-2024 17:24:40 [TestNG-test=sample test1-3] LogUtils - 🟢 Set text: 123456 on element By.xpath: //input[@id='password']
[INFO] 31-08-2024 17:24:40 [TestNG-test=sample test1-3] LogUtils - Get Element: By.xpath: //button[normalize-space()='Login']
[INFO] 31-08-2024 17:24:41 [TestNG-test=sample test1-3] LogUtils - Get Element: By.xpath: //button[normalize-space()='Login']
[INFO] 31-08-2024 17:24:44 [TestNG-test=sample test1-4] LogUtils - 🟢 Click element: By.xpath: //button[normalize-space()='Login']
[INFO] 31-08-2024 17:24:44 [TestNG-test=sample test1-4] LogUtils - Get list element: By.xpath: (//span[normalize-space()='Invoices Awaiting Payment']/parent::div)/following-sibling::span
[INFO] 31-08-2024 17:24:45 [TestNG-test=sample test1-4] LogUtils - ✅ Check Element Exist: true ---> By.xpath: (//span[normalize-space()='Invoices Awaiting Payment']/parent::div)/following-sibling::span
[INFO] 31-08-2024 17:24:45 [TestNG-test=sample test1-4] LogUtils - Get Element: By.xpath: (//span[normalize-space()='Invoices Awaiting Payment']/parent::div)/following-sibling::span
[ERROR] 31-08-2024 17:24:45 [TestNG-test=sample test1-4] LogUtils - ❌ Test case testCheckTotalSectionStatistics Failed
[ERROR] 31-08-2024 17:24:45 [TestNG-test=sample test1-4] LogUtils - java.lang.AssertionError: FAIL. Invoices Awaiting Payment total not match. expected [3 / 3] but found [4 / 5]
[INFO] 31-08-2024 17:24:46 [TestNG-test=sample test1-4] LogUtils - Screenshot success !!
[INFO] 31-08-2024 17:24:46 [TestNG-test=sample test1-1] LogUtils - 🌐 Open URL: https://crm.anhtester.com/admin/authentication
[INFO] 31-08-2024 17:24:46 [TestNG-test=sample test2-1] LogUtils - 🟢 Click element: By.xpath: //button[normalize-space()='Login']
[INFO] 31-08-2024 17:24:46 [TestNG-test=sample test2-1] LogUtils - Get Element: By.xpath: //span[normalize-space()='Projects']
[INFO] 31-08-2024 17:24:46 [TestNG-test=sample test1-5] LogUtils - 🟢 Click element: By.xpath: //button[normalize-space()='Login']
[INFO] 31-08-2024 17:24:46 [TestNG-test=sample test1-5] LogUtils - Get Element: By.xpath: //a[contains(@class,'notifications-icon')]
[INFO] 31-08-2024 17:24:47 [TestNG-test=sample test1-1] LogUtils - Get Element: By.xpath: //input[@id='email']
[INFO] 31-08-2024 17:24:48 [TestNG-test=sample test1-2] LogUtils - 🟢 Click element: By.xpath: //button[normalize-space()='Login']
[INFO] 31-08-2024 17:24:48 [TestNG-test=sample test1-2] LogUtils - Get Element: By.xpath: //li[@class='icon header-todo']//a//span
[INFO] 31-08-2024 17:24:48 [TestNG-test=sample test1-4] LogUtils - Record success !!
[INFO] 31-08-2024 17:24:48 [TestNG-test=sample test1-1] LogUtils - 🟢 Set text: admin@example.com on element By.xpath: //input[@id='email']
[INFO] 31-08-2024 17:24:48 [TestNG-test=sample test1-5] LogUtils - Get Element: By.xpath: //a[contains(@class,'notifications-icon')]
[INFO] 31-08-2024 17:24:48 [TestNG-test=sample test2-1] LogUtils - Get Element: By.xpath: //span[normalize-space()='Projects']
[INFO] 31-08-2024 17:24:49 [TestNG-test=sample test1-5] LogUtils - 🟢 Click element: By.xpath: //a[contains(@class,'notifications-icon')]
[INFO] 31-08-2024 17:24:49 [TestNG-test=sample test1-5] LogUtils - Get Element: By.xpath: //ul[@class='dropdown-menu notifications animated fadeIn width400 tw-pb-0']
[INFO] 31-08-2024 17:24:49 [TestNG-test=sample test1-5] LogUtils - Get Element: By.xpath: //a[normalize-space()='Mark all as read']
[INFO] 31-08-2024 17:24:49 [TestNG-test=sample test1-1] LogUtils - Get Element: By.xpath: //input[@id='password']
[INFO] 31-08-2024 17:24:49 [TestNG-test=sample test1-3] LogUtils - 🟢 Click element: By.xpath: //button[normalize-space()='Login']
[INFO] 31-08-2024 17:24:49 [TestNG-test=sample test1-3] LogUtils - Get Element: By.xpath: //span[normalize-space()='Dashboard']
[INFO] 31-08-2024 17:24:49 [TestNG-test=sample test2-1] LogUtils - 🟢 Click element: By.xpath: //span[normalize-space()='Projects']
[INFO] 31-08-2024 17:24:50 [TestNG-test=sample test2-1] LogUtils - ✅ Test case testClickMenuProject succesed
[INFO] 31-08-2024 17:24:50 [TestNG-test=sample test2-1] LogUtils - Record success !!
[INFO] 31-08-2024 17:24:50 [TestNG-test=sample test1-5] LogUtils - Get Element: By.xpath: //a[normalize-space()='Mark all as read']
[INFO] 31-08-2024 17:24:50 [TestNG-test=sample test1-5] LogUtils - 🟢 Click element: By.xpath: //a[normalize-space()='Mark all as read']
[INFO] 31-08-2024 17:24:50 [TestNG-test=sample test1-5] LogUtils - Get Element: By.xpath: //a[normalize-space()='View all notifications']
[INFO] 31-08-2024 17:24:51 [TestNG-test=sample test1-3] LogUtils - Get Element: By.xpath: //span[normalize-space()='Dashboard']
[INFO] 31-08-2024 17:24:51 [TestNG-test=sample test1-1] LogUtils - 🟢 Set text: 123456 on element By.xpath: //input[@id='password']
[INFO] 31-08-2024 17:24:51 [TestNG-test=sample test1-1] LogUtils - Get Element: By.xpath: //button[normalize-space()='Login']
[INFO] 31-08-2024 17:24:51 [TestNG-test=sample test1-5] LogUtils - Get Element: By.xpath: //a[normalize-space()='View all notifications']
[INFO] 31-08-2024 17:24:52 [TestNG-tests-2] LogUtils - ⭐️ ***** END FINISHED Sat Aug 31 17:24:52 ICT 2024 *****
[INFO] 31-08-2024 17:24:52 [TestNG-test=sample test1-1] LogUtils - Get Element: By.xpath: //button[normalize-space()='Login']
[INFO] 31-08-2024 17:24:52 [TestNG-test=sample test1-5] LogUtils - 🟢 Click element: By.xpath: //a[normalize-space()='View all notifications']
[INFO] 31-08-2024 17:24:52 [TestNG-test=sample test1-5] LogUtils - ✅ Test case testClicMarkAllAsRead succesed
[INFO] 31-08-2024 17:24:52 [TestNG-test=sample test1-5] LogUtils - Record success !!
[INFO] 31-08-2024 17:24:53 [TestNG-test=sample test1-3] LogUtils - 🟢 Click element: By.xpath: //span[normalize-space()='Dashboard']
[INFO] 31-08-2024 17:24:53 [TestNG-test=sample test1-3] LogUtils - Get Element: By.xpath: //span[normalize-space()='Dashboard']
[INFO] 31-08-2024 17:24:54 [TestNG-test=sample test1-3] LogUtils - Get Element: By.xpath: //span[normalize-space()='Dashboard']
[INFO] 31-08-2024 17:24:56 [TestNG-test=sample test1-3] LogUtils - 🟢 Click element: By.xpath: //span[normalize-space()='Dashboard']
[INFO] 31-08-2024 17:24:56 [TestNG-test=sample test1-3] LogUtils - Get Element: By.xpath: //div[normalize-space()='Dashboard Options']
[INFO] 31-08-2024 17:24:56 [TestNG-test=sample test1-1] LogUtils - 🟢 Click element: By.xpath: //button[normalize-space()='Login']
[INFO] 31-08-2024 17:24:56 [TestNG-test=sample test1-1] LogUtils - Get Element: By.xpath: //li[@class='icon header-todo']//a//span
[INFO] 31-08-2024 17:24:57 [TestNG-test=sample test1-4] LogUtils - ⭐️ Start test case testClickClosePopupAddNewToDo
[INFO] 31-08-2024 17:24:57 [TestNG-test=sample test1-3] LogUtils - Get Element: By.xpath: //div[normalize-space()='Dashboard Options']
[INFO] 31-08-2024 17:24:57 [TestNG-test=sample test1-3] LogUtils - 🟢 Click element: By.xpath: //div[normalize-space()='Dashboard Options']
[ERROR] 31-08-2024 17:24:58 [TestNG-test=sample test1-2] LogUtils - Timeout waiting for the element ready to click. By.xpath: //li[@class='icon header-todo']//a//span
[ERROR] 31-08-2024 17:24:58 [TestNG-test=sample test1-2] LogUtils - ❌ Test case testAddnewTodoWithDesscription Failed
[ERROR] 31-08-2024 17:24:58 [TestNG-test=sample test1-2] LogUtils - java.lang.AssertionError: Timeout waiting for the element ready to click. By.xpath: //li[@class='icon header-todo']//a//span
[INFO] 31-08-2024 17:24:58 [TestNG-test=sample test1-3] LogUtils - Get Element: By.xpath: //input[@id='widget_option_todos']
[INFO] 31-08-2024 17:24:58 [TestNG-test=sample test1-3] LogUtils - Get Element: By.xpath: //input[@id='widget_option_todos']
[INFO] 31-08-2024 17:24:58 [TestNG-test=sample test1-2] LogUtils - Screenshot success !!
[INFO] 31-08-2024 17:24:59 [TestNG-test=sample test1-4] LogUtils - 🌐 Open URL: https://crm.anhtester.com/admin/authentication
[INFO] 31-08-2024 17:24:59 [TestNG-test=sample test1-2] LogUtils - Record success !!
[INFO] 31-08-2024 17:25:00 [TestNG-test=sample test1-5] LogUtils - ⭐️ Start test case testClickDashboard
[INFO] 31-08-2024 17:25:00 [TestNG-test=sample test1-4] LogUtils - Get Element: By.xpath: //input[@id='email']
[INFO] 31-08-2024 17:25:01 [TestNG-test=sample test1-4] LogUtils - 🟢 Set text: admin@example.com on element By.xpath: //input[@id='email']
[INFO] 31-08-2024 17:25:02 [TestNG-test=sample test1-4] LogUtils - Get Element: By.xpath: //input[@id='password']
[INFO] 31-08-2024 17:25:02 [TestNG-test=sample test1-4] LogUtils - 🟢 Set text: 123456 on element By.xpath: //input[@id='password']
[INFO] 31-08-2024 17:25:02 [TestNG-test=sample test1-4] LogUtils - Get Element: By.xpath: //button[normalize-space()='Login']
[INFO] 31-08-2024 17:25:03 [TestNG-test=sample test1-5] LogUtils - 🌐 Open URL: https://crm.anhtester.com/admin/authentication
[INFO] 31-08-2024 17:25:04 [TestNG-test=sample test1-4] LogUtils - Get Element: By.xpath: //button[normalize-space()='Login']
[INFO] 31-08-2024 17:25:04 [TestNG-test=sample test1-5] LogUtils - Get Element: By.xpath: //input[@id='email']
[INFO] 31-08-2024 17:25:05 [TestNG-test=sample test1-5] LogUtils - 🟢 Set text: admin@example.com on element By.xpath: //input[@id='email']
[INFO] 31-08-2024 17:25:06 [TestNG-test=sample test1-5] LogUtils - Get Element: By.xpath: //input[@id='password']
[INFO] 31-08-2024 17:25:06 [TestNG-test=sample test1-5] LogUtils - 🟢 Set text: 123456 on element By.xpath: //input[@id='password']
[INFO] 31-08-2024 17:25:06 [TestNG-test=sample test1-5] LogUtils - Get Element: By.xpath: //button[normalize-space()='Login']
[ERROR] 31-08-2024 17:25:06 [TestNG-test=sample test1-1] LogUtils - Timeout waiting for the element ready to click. By.xpath: //li[@class='icon header-todo']//a//span
[ERROR] 31-08-2024 17:25:06 [TestNG-test=sample test1-1] LogUtils - ❌ Test case testAddnewTodoWithBlankDesscription Failed
[ERROR] 31-08-2024 17:25:06 [TestNG-test=sample test1-1] LogUtils - java.lang.AssertionError: Timeout waiting for the element ready to click. By.xpath: //li[@class='icon header-todo']//a//span
[INFO] 31-08-2024 17:25:06 [TestNG-test=sample test1-4] LogUtils - 🟢 Click element: By.xpath: //button[normalize-space()='Login']
[INFO] 31-08-2024 17:25:06 [TestNG-test=sample test1-4] LogUtils - Get Element: By.xpath: //li[@class='icon header-todo']//a//span
[INFO] 31-08-2024 17:25:08 [TestNG-test=sample test1-5] LogUtils - Get Element: By.xpath: //button[normalize-space()='Login']
[INFO] 31-08-2024 17:25:08 [TestNG-test=sample test1-1] LogUtils - Screenshot success !!
[INFO] 31-08-2024 17:25:08 [TestNG-test=sample test1-2] LogUtils - ⭐️ Start test case testClickItemClosePopupAddNewToDo
[ERROR] 31-08-2024 17:25:08 [TestNG-test=sample test1-3] LogUtils - Timeout waiting for the element ready to click. By.xpath: //input[@id='widget_option_todos']
[ERROR] 31-08-2024 17:25:08 [TestNG-test=sample test1-3] LogUtils - ❌ Test case testCheckTotalSectionMyToDoItems Failed
[ERROR] 31-08-2024 17:25:08 [TestNG-test=sample test1-3] LogUtils - java.lang.AssertionError: Timeout waiting for the element ready to click. By.xpath: //input[@id='widget_option_todos']
[INFO] 31-08-2024 17:25:09 [TestNG-test=sample test1-3] LogUtils - Screenshot success !!
[INFO] 31-08-2024 17:25:09 [TestNG-test=sample test1-1] LogUtils - Record success !!
[INFO] 31-08-2024 17:25:10 [TestNG-test=sample test1-3] LogUtils - Record success !!
[INFO] 31-08-2024 17:25:11 [TestNG-test=sample test1-2] LogUtils - 🌐 Open URL: https://crm.anhtester.com/admin/authentication
[INFO] 31-08-2024 17:25:12 [TestNG-test=sample test1-2] LogUtils - Get Element: By.xpath: //input[@id='email']
[INFO] 31-08-2024 17:25:12 [TestNG-test=sample test1-2] LogUtils - 🟢 Set text: admin@example.com on element By.xpath: //input[@id='email']
[INFO] 31-08-2024 17:25:13 [TestNG-test=sample test1-2] LogUtils - Get Element: By.xpath: //input[@id='password']
[INFO] 31-08-2024 17:25:13 [TestNG-test=sample test1-2] LogUtils - 🟢 Set text: 123456 on element By.xpath: //input[@id='password']
[INFO] 31-08-2024 17:25:13 [TestNG-test=sample test1-2] LogUtils - Get Element: By.xpath: //button[normalize-space()='Login']
[INFO] 31-08-2024 17:25:14 [TestNG-test=sample test1-5] LogUtils - 🟢 Click element: By.xpath: //button[normalize-space()='Login']
[INFO] 31-08-2024 17:25:14 [TestNG-test=sample test1-5] LogUtils - Get Element: By.xpath: //span[normalize-space()='Dashboard']
[INFO] 31-08-2024 17:25:15 [TestNG-test=sample test1-2] LogUtils - Get Element: By.xpath: //button[normalize-space()='Login']
[INFO] 31-08-2024 17:25:16 [TestNG-test=sample test1-3] LogUtils - ⭐️ Start test case testClickOutSitePopupAddNewTodo
[INFO] 31-08-2024 17:25:16 [TestNG-test=sample test1-1] LogUtils - ⭐️ Start test case testClickNotificstion
[INFO] 31-08-2024 17:25:16 [TestNG-test=sample test1-5] LogUtils - Get Element: By.xpath: //span[normalize-space()='Dashboard']
[ERROR] 31-08-2024 17:25:17 [TestNG-test=sample test1-4] LogUtils - Timeout waiting for the element ready to click. By.xpath: //li[@class='icon header-todo']//a//span
[ERROR] 31-08-2024 17:25:17 [TestNG-test=sample test1-4] LogUtils - ❌ Test case testClickClosePopupAddNewToDo Failed
[ERROR] 31-08-2024 17:25:17 [TestNG-test=sample test1-4] LogUtils - java.lang.AssertionError: Timeout waiting for the element ready to click. By.xpath: //li[@class='icon header-todo']//a//span
[INFO] 31-08-2024 17:25:17 [TestNG-test=sample test1-4] LogUtils - Screenshot success !!
[INFO] 31-08-2024 17:25:19 [TestNG-test=sample test1-4] LogUtils - Record success !!
[INFO] 31-08-2024 17:25:19 [TestNG-test=sample test1-5] LogUtils - 🟢 Click element: By.xpath: //span[normalize-space()='Dashboard']
[INFO] 31-08-2024 17:25:19 [TestNG-test=sample test1-5] LogUtils - Get Element: By.xpath: //span[normalize-space()='Dashboard']
[INFO] 31-08-2024 17:25:19 [TestNG-test=sample test1-2] LogUtils - 🟢 Click element: By.xpath: //button[normalize-space()='Login']
[INFO] 31-08-2024 17:25:19 [TestNG-test=sample test1-2] LogUtils - Get Element: By.xpath: //li[@class='icon header-todo']//a//span
[INFO] 31-08-2024 17:25:20 [TestNG-test=sample test1-1] LogUtils - 🌐 Open URL: https://crm.anhtester.com/admin/authentication
[INFO] 31-08-2024 17:25:21 [TestNG-test=sample test1-5] LogUtils - Get Element: By.xpath: //span[normalize-space()='Dashboard']
[INFO] 31-08-2024 17:25:21 [TestNG-test=sample test1-3] LogUtils - 🌐 Open URL: https://crm.anhtester.com/admin/authentication
[INFO] 31-08-2024 17:25:22 [TestNG-test=sample test1-1] LogUtils - Get Element: By.xpath: //input[@id='email']
[INFO] 31-08-2024 17:25:22 [TestNG-test=sample test1-5] LogUtils - 🟢 Click element: By.xpath: //span[normalize-space()='Dashboard']
[INFO] 31-08-2024 17:25:22 [TestNG-test=sample test1-5] LogUtils - Get Element: By.xpath: //div[normalize-space()='Dashboard Options']
[INFO] 31-08-2024 17:25:22 [TestNG-test=sample test1-1] LogUtils - 🟢 Set text: admin@example.com on element By.xpath: //input[@id='email']
[INFO] 31-08-2024 17:25:22 [TestNG-test=sample test1-3] LogUtils - Get Element: By.xpath: //input[@id='email']
[INFO] 31-08-2024 17:25:22 [TestNG-test=sample test1-3] LogUtils - 🟢 Set text: admin@example.com on element By.xpath: //input[@id='email']
[INFO] 31-08-2024 17:25:23 [TestNG-test=sample test1-1] LogUtils - Get Element: By.xpath: //input[@id='password']
[INFO] 31-08-2024 17:25:23 [TestNG-test=sample test1-5] LogUtils - Get Element: By.xpath: //div[normalize-space()='Dashboard Options']
[INFO] 31-08-2024 17:25:23 [TestNG-test=sample test1-1] LogUtils - 🟢 Set text: 123456 on element By.xpath: //input[@id='password']
[INFO] 31-08-2024 17:25:23 [TestNG-test=sample test1-1] LogUtils - Get Element: By.xpath: //button[normalize-space()='Login']
[INFO] 31-08-2024 17:25:23 [TestNG-test=sample test1-5] LogUtils - 🟢 Click element: By.xpath: //div[normalize-space()='Dashboard Options']
[INFO] 31-08-2024 17:25:23 [TestNG-test=sample test1-5] LogUtils - ✅ Test case testClickDashboard succesed
[INFO] 31-08-2024 17:25:23 [TestNG-test=sample test1-5] LogUtils - Record success !!
[INFO] 31-08-2024 17:25:23 [TestNG-test=sample test1-3] LogUtils - Get Element: By.xpath: //input[@id='password']
[INFO] 31-08-2024 17:25:24 [TestNG-test=sample test1-3] LogUtils - 🟢 Set text: 123456 on element By.xpath: //input[@id='password']
[INFO] 31-08-2024 17:25:24 [TestNG-test=sample test1-3] LogUtils - Get Element: By.xpath: //button[normalize-space()='Login']
[INFO] 31-08-2024 17:25:24 [TestNG-test=sample test1-1] LogUtils - Get Element: By.xpath: //button[normalize-space()='Login']
[INFO] 31-08-2024 17:25:25 [TestNG-test=sample test1-3] LogUtils - Get Element: By.xpath: //button[normalize-space()='Login']
[INFO] 31-08-2024 17:25:25 [TestNG-test=sample test1-3] LogUtils - 🟢 Click element: By.xpath: //button[normalize-space()='Login']
[INFO] 31-08-2024 17:25:25 [TestNG-test=sample test1-3] LogUtils - Get Element: By.xpath: //li[@class='icon header-todo']//a//span
[INFO] 31-08-2024 17:25:28 [TestNG-test=sample test1-1] LogUtils - 🟢 Click element: By.xpath: //button[normalize-space()='Login']
[INFO] 31-08-2024 17:25:28 [TestNG-test=sample test1-1] LogUtils - Get Element: By.xpath: //a[contains(@class,'notifications-icon')]
[INFO] 31-08-2024 17:25:29 [TestNG-test=sample test1-1] LogUtils - Get Element: By.xpath: //a[contains(@class,'notifications-icon')]
[INFO] 31-08-2024 17:25:30 [TestNG-test=sample test1-1] LogUtils - 🟢 Click element: By.xpath: //a[contains(@class,'notifications-icon')]
[INFO] 31-08-2024 17:25:30 [TestNG-test=sample test1-1] LogUtils - Get Element: By.xpath: //ul[@class='dropdown-menu notifications animated fadeIn width400 tw-pb-0']
[ERROR] 31-08-2024 17:25:30 [TestNG-test=sample test1-2] LogUtils - Timeout waiting for the element ready to click. By.xpath: //li[@class='icon header-todo']//a//span
[ERROR] 31-08-2024 17:25:30 [TestNG-test=sample test1-2] LogUtils - ❌ Test case testClickItemClosePopupAddNewToDo Failed
[ERROR] 31-08-2024 17:25:30 [TestNG-test=sample test1-2] LogUtils - java.lang.AssertionError: Timeout waiting for the element ready to click. By.xpath: //li[@class='icon header-todo']//a//span
[INFO] 31-08-2024 17:25:30 [TestNG-test=sample test1-1] LogUtils - ✅ Test case testClickNotificstion succesed
[INFO] 31-08-2024 17:25:30 [TestNG-test=sample test1-1] LogUtils - Record success !!
[INFO] 31-08-2024 17:25:30 [TestNG-test=sample test1-2] LogUtils - Screenshot success !!
[INFO] 31-08-2024 17:25:31 [TestNG-test=sample test1-5] LogUtils - ⭐️ Start test case testClickoptionSearch
[INFO] 31-08-2024 17:25:31 [TestNG-test=sample test1-2] LogUtils - Record success !!
[INFO] 31-08-2024 17:25:33 [TestNG-test=sample test1-5] LogUtils - 🌐 Open URL: https://crm.anhtester.com/admin/authentication
[INFO] 31-08-2024 17:25:34 [TestNG-test=sample test1-5] LogUtils - Get Element: By.xpath: //input[@id='email']
[INFO] 31-08-2024 17:25:34 [TestNG-test=sample test1-5] LogUtils - 🟢 Set text: admin@example.com on element By.xpath: //input[@id='email']
[INFO] 31-08-2024 17:25:34 [TestNG-test=sample test1-4] LogUtils - ⭐️ Start test case testDeleteHistorySearch
[INFO] 31-08-2024 17:25:35 [TestNG-test=sample test1-5] LogUtils - Get Element: By.xpath: //input[@id='password']
[INFO] 31-08-2024 17:25:36 [TestNG-test=sample test1-5] LogUtils - 🟢 Set text: 123456 on element By.xpath: //input[@id='password']
[INFO] 31-08-2024 17:25:36 [TestNG-test=sample test1-5] LogUtils - Get Element: By.xpath: //button[normalize-space()='Login']
[INFO] 31-08-2024 17:25:36 [TestNG-test=sample test1-4] LogUtils - 🌐 Open URL: https://crm.anhtester.com/admin/authentication
[INFO] 31-08-2024 17:25:37 [TestNG-test=sample test1-5] LogUtils - Get Element: By.xpath: //button[normalize-space()='Login']
[INFO] 31-08-2024 17:25:37 [TestNG-test=sample test1-4] LogUtils - Get Element: By.xpath: //input[@id='email']
[INFO] 31-08-2024 17:25:38 [TestNG-test=sample test1-4] LogUtils - 🟢 Set text: admin@example.com on element By.xpath: //input[@id='email']
[INFO] 31-08-2024 17:25:38 [TestNG-test=sample test1-2] LogUtils - ⭐️ Start test case testPopupAddnewTodoDisplay
[INFO] 31-08-2024 17:25:39 [TestNG-test=sample test1-1] LogUtils - ⭐️ Start test case testGetHistorySearch
[INFO] 31-08-2024 17:25:39 [TestNG-test=sample test1-4] LogUtils - Get Element: By.xpath: //input[@id='password']
[INFO] 31-08-2024 17:25:39 [TestNG-test=sample test1-4] LogUtils - 🟢 Set text: 123456 on element By.xpath: //input[@id='password']
[INFO] 31-08-2024 17:25:39 [TestNG-test=sample test1-4] LogUtils - Get Element: By.xpath: //button[normalize-space()='Login']
[ERROR] 31-08-2024 17:25:40 [TestNG-test=sample test1-3] LogUtils - Timeout waiting for the element ready to click. By.xpath: //li[@class='icon header-todo']//a//span
[ERROR] 31-08-2024 17:25:40 [TestNG-test=sample test1-3] LogUtils - ❌ Test case testClickOutSitePopupAddNewTodo Failed
[ERROR] 31-08-2024 17:25:40 [TestNG-test=sample test1-3] LogUtils - java.lang.AssertionError: Timeout waiting for the element ready to click. By.xpath: //li[@class='icon header-todo']//a//span
[INFO] 31-08-2024 17:25:40 [TestNG-test=sample test1-3] LogUtils - Screenshot success !!
[INFO] 31-08-2024 17:25:40 [TestNG-test=sample test1-4] LogUtils - Get Element: By.xpath: //button[normalize-space()='Login']
[INFO] 31-08-2024 17:25:41 [TestNG-test=sample test1-1] LogUtils - 🌐 Open URL: https://crm.anhtester.com/admin/authentication
[INFO] 31-08-2024 17:25:42 [TestNG-test=sample test1-5] LogUtils - 🟢 Click element: By.xpath: //button[normalize-space()='Login']
[INFO] 31-08-2024 17:25:42 [TestNG-test=sample test1-2] LogUtils - 🌐 Open URL: https://crm.anhtester.com/admin/authentication
[INFO] 31-08-2024 17:25:42 [TestNG-test=sample test1-3] LogUtils - Record success !!
[INFO] 31-08-2024 17:25:42 [TestNG-test=sample test1-1] LogUtils - Get Element: By.xpath: //input[@id='email']
[INFO] 31-08-2024 17:25:43 [TestNG-test=sample test1-1] LogUtils - 🟢 Set text: admin@example.com on element By.xpath: //input[@id='email']
[INFO] 31-08-2024 17:25:43 [TestNG-test=sample test1-5] LogUtils - Get Element: By.xpath: //input[@id='search_input']
[INFO] 31-08-2024 17:25:43 [TestNG-test=sample test1-2] LogUtils - Get Element: By.xpath: //input[@id='email']
[INFO] 31-08-2024 17:25:44 [TestNG-test=sample test1-5] LogUtils - 🟢 Set text: test on element By.xpath: //input[@id='search_input']
[INFO] 31-08-2024 17:25:44 [TestNG-test=sample test1-1] LogUtils - Get Element: By.xpath: //input[@id='password']
[INFO] 31-08-2024 17:25:44 [TestNG-test=sample test1-4] LogUtils - 🟢 Click element: By.xpath: //button[normalize-space()='Login']
[INFO] 31-08-2024 17:25:44 [TestNG-test=sample test1-4] LogUtils - Get Element: By.xpath: //input[@id='search_input']
[INFO] 31-08-2024 17:25:44 [TestNG-test=sample test1-1] LogUtils - 🟢 Set text: 123456 on element By.xpath: //input[@id='password']
[INFO] 31-08-2024 17:25:44 [TestNG-test=sample test1-1] LogUtils - Get Element: By.xpath: //button[normalize-space()='Login']
[INFO] 31-08-2024 17:25:44 [TestNG-test=sample test1-2] LogUtils - 🟢 Set text: admin@example.com on element By.xpath: //input[@id='email']
[INFO] 31-08-2024 17:25:45 [TestNG-test=sample test1-4] LogUtils - Get Element: By.xpath: //input[@id='search_input']
[INFO] 31-08-2024 17:25:46 [TestNG-test=sample test1-2] LogUtils - Get Element: By.xpath: //input[@id='password']
[INFO] 31-08-2024 17:25:46 [TestNG-test=sample test1-1] LogUtils - Get Element: By.xpath: //button[normalize-space()='Login']
[INFO] 31-08-2024 17:25:46 [TestNG-test=sample test1-5] LogUtils - Get Element: By.xpath: //div[@id='top_search']//li[3]
[INFO] 31-08-2024 17:25:46 [TestNG-test=sample test1-4] LogUtils - 🟢 Click element: By.xpath: //input[@id='search_input']
[INFO] 31-08-2024 17:25:46 [TestNG-test=sample test1-2] LogUtils - 🟢 Set text: 123456 on element By.xpath: //input[@id='password']
[INFO] 31-08-2024 17:25:46 [TestNG-test=sample test1-2] LogUtils - Get Element: By.xpath: //button[normalize-space()='Login']
[INFO] 31-08-2024 17:25:47 [TestNG-test=sample test1-5] LogUtils - Get Element: By.xpath: //div[@id='top_search']//li[3]
[INFO] 31-08-2024 17:25:47 [TestNG-test=sample test1-2] LogUtils - Get Element: By.xpath: //button[normalize-space()='Login']
[INFO] 31-08-2024 17:25:48 [TestNG-test=sample test1-4] LogUtils - Get list element: By.xpath: (//i[@class='fa fa-remove'])[1]
[INFO] 31-08-2024 17:25:48 [TestNG-test=sample test1-4] LogUtils - ✅ Check Element Exist: true ---> By.xpath: (//i[@class='fa fa-remove'])[1]
[INFO] 31-08-2024 17:25:48 [TestNG-test=sample test1-4] LogUtils - Get Element: By.xpath: (//i[@class='fa fa-remove'])[1]
[INFO] 31-08-2024 17:25:49 [TestNG-test=sample test1-5] LogUtils - 🟢 Click element: By.xpath: //div[@id='top_search']//li[3]
[ERROR] 31-08-2024 17:25:49 [TestNG-test=sample test1-5] LogUtils - ❌ Test case testClickoptionSearch Failed
[ERROR] 31-08-2024 17:25:49 [TestNG-test=sample test1-5] LogUtils - java.lang.AssertionError: url not match expected [https://crm.anhtester.com/admin/clients/client/46] but found [https://crm.anhtester.com/admin/clients/client/69]
[INFO] 31-08-2024 17:25:49 [TestNG-test=sample test1-4] LogUtils - Get Element: By.xpath: (//i[@class='fa fa-remove'])[1]
[INFO] 31-08-2024 17:25:49 [TestNG-test=sample test1-1] LogUtils - 🟢 Click element: By.xpath: //button[normalize-space()='Login']
[INFO] 31-08-2024 17:25:49 [TestNG-test=sample test1-5] LogUtils - Screenshot success !!
[INFO] 31-08-2024 17:25:50 [TestNG-test=sample test1-4] LogUtils - 🟢 Click element: By.xpath: (//i[@class='fa fa-remove'])[1]
[INFO] 31-08-2024 17:25:50 [TestNG-test=sample test1-4] LogUtils - ✅ Test case testDeleteHistorySearch succesed
[INFO] 31-08-2024 17:25:50 [TestNG-test=sample test1-4] LogUtils - Record success !!
[INFO] 31-08-2024 17:25:51 [TestNG-test=sample test1-1] LogUtils - Get Element: By.xpath: //input[@id='search_input']
[INFO] 31-08-2024 17:25:51 [TestNG-test=sample test1-5] LogUtils - Record success !!
[INFO] 31-08-2024 17:25:52 [TestNG-test=sample test1-2] LogUtils - 🟢 Click element: By.xpath: //button[normalize-space()='Login']
[INFO] 31-08-2024 17:25:52 [TestNG-test=sample test1-2] LogUtils - Get Element: By.xpath: //li[@class='icon header-todo']//a//span
[INFO] 31-08-2024 17:25:52 [TestNG-test=sample test1-1] LogUtils - 🟢 Set text: ok on element By.xpath: //input[@id='search_input']
[INFO] 31-08-2024 17:25:52 [TestNG-test=sample test1-1] LogUtils - Get Element: By.xpath: //input[@id='search_input']
[INFO] 31-08-2024 17:25:53 [TestNG-test=sample test1-1] LogUtils - Get Element: By.xpath: //input[@id='search_input']
[INFO] 31-08-2024 17:25:54 [TestNG-test=sample test1-1] LogUtils - Get Element: By.xpath: //input[@id='search_input']
[INFO] 31-08-2024 17:25:56 [TestNG-test=sample test1-1] LogUtils - 🟢 Click element: By.xpath: //input[@id='search_input']
[INFO] 31-08-2024 17:25:56 [TestNG-test=sample test1-3] LogUtils - ⭐️ Start test case testVerifySectionFinanceOverviewDisplay
[INFO] 31-08-2024 17:25:57 [TestNG-test=sample test1-1] LogUtils - ✅ Test case testGetHistorySearch succesed
[INFO] 31-08-2024 17:25:59 [TestNG-test=sample test1-3] LogUtils - 🌐 Open URL: https://crm.anhtester.com/admin/authentication
[INFO] 31-08-2024 17:26:01 [TestNG-test=sample test1-1] LogUtils - Record success !!
[INFO] 31-08-2024 17:26:01 [TestNG-test=sample test1-3] LogUtils - Get Element: By.xpath: //input[@id='email']
[INFO] 31-08-2024 17:26:01 [TestNG-test=sample test1-3] LogUtils - 🟢 Set text: admin@example.com on element By.xpath: //input[@id='email']
[ERROR] 31-08-2024 17:26:02 [TestNG-test=sample test1-2] LogUtils - Timeout waiting for the element ready to click. By.xpath: //li[@class='icon header-todo']//a//span
[ERROR] 31-08-2024 17:26:02 [TestNG-test=sample test1-2] LogUtils - ❌ Test case testPopupAddnewTodoDisplay Failed
[ERROR] 31-08-2024 17:26:02 [TestNG-test=sample test1-2] LogUtils - java.lang.AssertionError: Timeout waiting for the element ready to click. By.xpath: //li[@class='icon header-todo']//a//span
[INFO] 31-08-2024 17:26:02 [TestNG-test=sample test1-3] LogUtils - Get Element: By.xpath: //input[@id='password']
[INFO] 31-08-2024 17:26:03 [TestNG-test=sample test1-3] LogUtils - 🟢 Set text: 123456 on element By.xpath: //input[@id='password']
[INFO] 31-08-2024 17:26:03 [TestNG-test=sample test1-3] LogUtils - Get Element: By.xpath: //button[normalize-space()='Login']
[INFO] 31-08-2024 17:26:03 [TestNG-test=sample test1-4] LogUtils - ⭐️ Start test case testVerifySectionLatestProjectActivityDisplay
[INFO] 31-08-2024 17:26:03 [TestNG-test=sample test1-2] LogUtils - Screenshot success !!
[INFO] 31-08-2024 17:26:03 [TestNG-test=sample test1-5] LogUtils - ⭐️ Start test case testVerifySectionQuickStatisticsDisplay
[INFO] 31-08-2024 17:26:04 [TestNG-test=sample test1-3] LogUtils - Get Element: By.xpath: //button[normalize-space()='Login']
[INFO] 31-08-2024 17:26:05 [TestNG-test=sample test1-2] LogUtils - Record success !!
[INFO] 31-08-2024 17:26:05 [TestNG-test=sample test1-5] LogUtils - 🌐 Open URL: https://crm.anhtester.com/admin/authentication
[INFO] 31-08-2024 17:26:05 [TestNG-test=sample test1-4] LogUtils - 🌐 Open URL: https://crm.anhtester.com/admin/authentication
[INFO] 31-08-2024 17:26:07 [TestNG-test=sample test1-5] LogUtils - Get Element: By.xpath: //input[@id='email']
[INFO] 31-08-2024 17:26:07 [TestNG-test=sample test1-4] LogUtils - Get Element: By.xpath: //input[@id='email']
[INFO] 31-08-2024 17:26:07 [TestNG-test=sample test1-4] LogUtils - 🟢 Set text: admin@example.com on element By.xpath: //input[@id='email']
[INFO] 31-08-2024 17:26:08 [TestNG-test=sample test1-5] LogUtils - 🟢 Set text: admin@example.com on element By.xpath: //input[@id='email']
[INFO] 31-08-2024 17:26:08 [TestNG-test=sample test1-1] LogUtils - ⭐️ Start test case verifyListTodoExitsTotoAdd
[INFO] 31-08-2024 17:26:09 [TestNG-test=sample test1-4] LogUtils - Get Element: By.xpath: //input[@id='password']
[INFO] 31-08-2024 17:26:09 [TestNG-test=sample test1-5] LogUtils - Get Element: By.xpath: //input[@id='password']
[INFO] 31-08-2024 17:26:09 [TestNG-test=sample test1-3] LogUtils - 🟢 Click element: By.xpath: //button[normalize-space()='Login']
[INFO] 31-08-2024 17:26:09 [TestNG-test=sample test1-3] LogUtils - Get Element: By.xpath: //span[normalize-space()='Dashboard']
[INFO] 31-08-2024 17:26:09 [TestNG-test=sample test1-4] LogUtils - 🟢 Set text: 123456 on element By.xpath: //input[@id='password']
[INFO] 31-08-2024 17:26:09 [TestNG-test=sample test1-4] LogUtils - Get Element: By.xpath: //button[normalize-space()='Login']
[INFO] 31-08-2024 17:26:09 [TestNG-test=sample test1-5] LogUtils - 🟢 Set text: 123456 on element By.xpath: //input[@id='password']
[INFO] 31-08-2024 17:26:09 [TestNG-test=sample test1-5] LogUtils - Get Element: By.xpath: //button[normalize-space()='Login']
[INFO] 31-08-2024 17:26:10 [TestNG-test=sample test1-1] LogUtils - 🌐 Open URL: https://crm.anhtester.com/admin/authentication
[INFO] 31-08-2024 17:26:10 [TestNG-test=sample test1-3] LogUtils - Get Element: By.xpath: //span[normalize-space()='Dashboard']
[INFO] 31-08-2024 17:26:11 [TestNG-test=sample test1-4] LogUtils - Get Element: By.xpath: //button[normalize-space()='Login']
[INFO] 31-08-2024 17:26:11 [TestNG-test=sample test1-5] LogUtils - Get Element: By.xpath: //button[normalize-space()='Login']
[INFO] 31-08-2024 17:26:11 [TestNG-test=sample test1-1] LogUtils - Get Element: By.xpath: //input[@id='email']
[INFO] 31-08-2024 17:26:12 [TestNG-test=sample test1-1] LogUtils - 🟢 Set text: admin@example.com on element By.xpath: //input[@id='email']
[INFO] 31-08-2024 17:26:13 [TestNG-test=sample test1-3] LogUtils - 🟢 Click element: By.xpath: //span[normalize-space()='Dashboard']
[INFO] 31-08-2024 17:26:13 [TestNG-test=sample test1-3] LogUtils - Get Element: By.xpath: //span[normalize-space()='Dashboard']
[INFO] 31-08-2024 17:26:13 [TestNG-test=sample test1-1] LogUtils - Get Element: By.xpath: //input[@id='password']
[INFO] 31-08-2024 17:26:14 [TestNG-test=sample test1-1] LogUtils - 🟢 Set text: 123456 on element By.xpath: //input[@id='password']
[INFO] 31-08-2024 17:26:14 [TestNG-test=sample test1-1] LogUtils - Get Element: By.xpath: //button[normalize-space()='Login']
[INFO] 31-08-2024 17:26:14 [TestNG-test=sample test1-3] LogUtils - Get Element: By.xpath: //span[normalize-space()='Dashboard']
[INFO] 31-08-2024 17:26:15 [TestNG-test=sample test1-1] LogUtils - Get Element: By.xpath: //button[normalize-space()='Login']
[INFO] 31-08-2024 17:26:16 [TestNG-test=sample test1-3] LogUtils - 🟢 Click element: By.xpath: //span[normalize-space()='Dashboard']
[INFO] 31-08-2024 17:26:16 [TestNG-test=sample test1-3] LogUtils - Get Element: By.xpath: //div[normalize-space()='Dashboard Options']
[INFO] 31-08-2024 17:26:17 [TestNG-test=sample test1-5] LogUtils - 🟢 Click element: By.xpath: //button[normalize-space()='Login']
[INFO] 31-08-2024 17:26:17 [TestNG-test=sample test1-5] LogUtils - Get Element: By.xpath: //span[normalize-space()='Dashboard']
[INFO] 31-08-2024 17:26:17 [TestNG-test=sample test1-3] LogUtils - Get Element: By.xpath: //div[normalize-space()='Dashboard Options']
[INFO] 31-08-2024 17:26:18 [TestNG-test=sample test1-4] LogUtils - 🟢 Click element: By.xpath: //button[normalize-space()='Login']
[INFO] 31-08-2024 17:26:18 [TestNG-test=sample test1-4] LogUtils - Get Element: By.xpath: //span[normalize-space()='Dashboard']
[INFO] 31-08-2024 17:26:19 [TestNG-test=sample test1-3] LogUtils - 🟢 Click element: By.xpath: //div[normalize-space()='Dashboard Options']
[INFO] 31-08-2024 17:26:19 [TestNG-test=sample test1-5] LogUtils - Get Element: By.xpath: //span[normalize-space()='Dashboard']
[INFO] 31-08-2024 17:26:20 [TestNG-test=sample test1-3] LogUtils - Get Element: By.xpath: //input[@id='widget_option_finance_overview']
[INFO] 31-08-2024 17:26:20 [TestNG-test=sample test1-3] LogUtils - Get Element: By.xpath: //div[@id='widget-finance_overview']
[INFO] 31-08-2024 17:26:20 [TestNG-test=sample test1-3] LogUtils - Get Element: By.xpath: //input[@id='widget_option_finance_overview']
[INFO] 31-08-2024 17:26:20 [TestNG-test=sample test1-4] LogUtils - Get Element: By.xpath: //span[normalize-space()='Dashboard']
[INFO] 31-08-2024 17:26:21 [TestNG-test=sample test1-5] LogUtils - 🟢 Click element: By.xpath: //span[normalize-space()='Dashboard']
[INFO] 31-08-2024 17:26:21 [TestNG-test=sample test1-5] LogUtils - Get Element: By.xpath: //span[normalize-space()='Dashboard']
[INFO] 31-08-2024 17:26:23 [TestNG-test=sample test1-1] LogUtils - 🟢 Click element: By.xpath: //button[normalize-space()='Login']
[INFO] 31-08-2024 17:26:23 [TestNG-test=sample test1-1] LogUtils - Get Element: By.xpath: //li[@class='icon header-todo']//a//span
[INFO] 31-08-2024 17:26:23 [TestNG-test=sample test1-4] LogUtils - 🟢 Click element: By.xpath: //span[normalize-space()='Dashboard']
[INFO] 31-08-2024 17:26:23 [TestNG-test=sample test1-4] LogUtils - Get Element: By.xpath: //span[normalize-space()='Dashboard']
[INFO] 31-08-2024 17:26:24 [TestNG-test=sample test1-5] LogUtils - Get Element: By.xpath: //span[normalize-space()='Dashboard']
[INFO] 31-08-2024 17:26:24 [TestNG-test=sample test1-4] LogUtils - Get Element: By.xpath: //span[normalize-space()='Dashboard']
[INFO] 31-08-2024 17:26:27 [TestNG-test=sample test1-5] LogUtils - 🟢 Click element: By.xpath: //span[normalize-space()='Dashboard']
[INFO] 31-08-2024 17:26:27 [TestNG-test=sample test1-5] LogUtils - Get Element: By.xpath: //div[normalize-space()='Dashboard Options']
[INFO] 31-08-2024 17:26:27 [TestNG-test=sample test1-4] LogUtils - 🟢 Click element: By.xpath: //span[normalize-space()='Dashboard']
[INFO] 31-08-2024 17:26:27 [TestNG-test=sample test1-4] LogUtils - Get Element: By.xpath: //div[normalize-space()='Dashboard Options']
[INFO] 31-08-2024 17:26:29 [TestNG-test=sample test1-5] LogUtils - Get Element: By.xpath: //div[normalize-space()='Dashboard Options']
[INFO] 31-08-2024 17:26:29 [TestNG-test=sample test1-4] LogUtils - Get Element: By.xpath: //div[normalize-space()='Dashboard Options']
[INFO] 31-08-2024 17:26:31 [TestNG-test=sample test1-5] LogUtils - 🟢 Click element: By.xpath: //div[normalize-space()='Dashboard Options']
[INFO] 31-08-2024 17:26:31 [TestNG-test=sample test1-4] LogUtils - 🟢 Click element: By.xpath: //div[normalize-space()='Dashboard Options']
[ERROR] 31-08-2024 17:26:32 [TestNG-test=sample test1-3] LogUtils - Timeout waiting for the element ready to click. By.xpath: //input[@id='widget_option_finance_overview']
[ERROR] 31-08-2024 17:26:32 [TestNG-test=sample test1-3] LogUtils - ❌ Test case testVerifySectionFinanceOverviewDisplay Failed
[ERROR] 31-08-2024 17:26:32 [TestNG-test=sample test1-3] LogUtils - java.lang.AssertionError: Timeout waiting for the element ready to click. By.xpath: //input[@id='widget_option_finance_overview']
[INFO] 31-08-2024 17:26:32 [TestNG-test=sample test1-5] LogUtils - Get Element: By.xpath: //input[@id='widget_option_top_stats']
[INFO] 31-08-2024 17:26:32 [TestNG-test=sample test1-4] LogUtils - Get Element: By.xpath: //input[@id='widget_option_projects_activity']
[INFO] 31-08-2024 17:26:32 [TestNG-test=sample test1-3] LogUtils - Screenshot success !!
[INFO] 31-08-2024 17:26:33 [TestNG-test=sample test1-5] LogUtils - Get Element: By.xpath: //div[@id='widget-top_stats']
[INFO] 31-08-2024 17:26:33 [TestNG-test=sample test1-4] LogUtils - Get Element: By.xpath: //input[@id='widget_option_projects_activity']
[ERROR] 31-08-2024 17:26:33 [TestNG-test=sample test1-1] LogUtils - Timeout waiting for the element ready to click. By.xpath: //li[@class='icon header-todo']//a//span
[ERROR] 31-08-2024 17:26:33 [TestNG-test=sample test1-1] LogUtils - ❌ Test case verifyListTodoExitsTotoAdd Failed
[ERROR] 31-08-2024 17:26:33 [TestNG-test=sample test1-1] LogUtils - java.lang.AssertionError: Timeout waiting for the element ready to click. By.xpath: //li[@class='icon header-todo']//a//span
[INFO] 31-08-2024 17:26:34 [TestNG-test=sample test1-5] LogUtils - Get Element: By.xpath: //input[@id='widget_option_top_stats']
[INFO] 31-08-2024 17:26:34 [TestNG-test=sample test1-1] LogUtils - Screenshot success !!
[INFO] 31-08-2024 17:26:35 [TestNG-test=sample test1-3] LogUtils - Record success !!
[INFO] 31-08-2024 17:26:35 [TestNG-test=sample test1-1] LogUtils - Record success !!
[ERROR] 31-08-2024 17:26:44 [TestNG-test=sample test1-4] LogUtils - Timeout waiting for the element ready to click. By.xpath: //input[@id='widget_option_projects_activity']
[ERROR] 31-08-2024 17:26:44 [TestNG-test=sample test1-4] LogUtils - ❌ Test case testVerifySectionLatestProjectActivityDisplay Failed
[ERROR] 31-08-2024 17:26:44 [TestNG-test=sample test1-4] LogUtils - java.lang.AssertionError: Timeout waiting for the element ready to click. By.xpath: //input[@id='widget_option_projects_activity']
[ERROR] 31-08-2024 17:26:44 [TestNG-test=sample test1-5] LogUtils - Timeout waiting for the element ready to click. By.xpath: //input[@id='widget_option_top_stats']
[ERROR] 31-08-2024 17:26:44 [TestNG-test=sample test1-5] LogUtils - ❌ Test case testVerifySectionQuickStatisticsDisplay Failed
[ERROR] 31-08-2024 17:26:44 [TestNG-test=sample test1-5] LogUtils - java.lang.AssertionError: Timeout waiting for the element ready to click. By.xpath: //input[@id='widget_option_top_stats']
[INFO] 31-08-2024 17:26:45 [TestNG-test=sample test1-4] LogUtils - Screenshot success !!
[INFO] 31-08-2024 17:26:45 [TestNG-test=sample test1-5] LogUtils - Screenshot success !!
[INFO] 31-08-2024 17:26:45 [TestNG-test=sample test1-4] LogUtils - Record success !!
[INFO] 31-08-2024 17:26:45 [TestNG-test=sample test1-5] LogUtils - Record success !!
[INFO] 31-08-2024 17:26:46 [TestNG-tests-1] LogUtils - ⭐️ ***** END FINISHED Sat Aug 31 17:26:46 ICT 2024 *****
[INFO] 31-08-2024 17:55:31 [TestNG-tests-1] LogUtils - ⭐️ ***** START TESTINGSat Aug 31 17:55:29 ICT 2024 *****
[INFO] 31-08-2024 17:55:31 [TestNG-tests-2] LogUtils - ⭐️ ***** START TESTINGSat Aug 31 17:55:29 ICT 2024 *****
[INFO] 31-08-2024 17:55:31 [TestNG-tests-2] LogUtils - Load all properties{BROWERS=chrome, SCREENSHOT_STEP_FAIL=true, RECORD_VIDEO=true, SCREENSHOT_PATH=./screenshots/, EMAIL=admin@example.com, URL=https://crm.anhtester.com/admin/authentication, PAGE_LOAD_TIMEOUT=40, STEP_TIME=1, SCREENSHOT_STEP_PASS=false, RECORD_VIDEO_PATH=./videos/, PASSWORD=1234567, SCREENSHOT_STEP_ALL=false, EXPLICIT_WAIT_TIMEOUT=10}
[INFO] 31-08-2024 17:55:31 [TestNG-tests-1] LogUtils - Load all properties{BROWERS=chrome, SCREENSHOT_STEP_FAIL=true, RECORD_VIDEO=true, SCREENSHOT_PATH=./screenshots/, EMAIL=admin@example.com, URL=https://crm.anhtester.com/admin/authentication, PAGE_LOAD_TIMEOUT=40, STEP_TIME=1, SCREENSHOT_STEP_PASS=false, RECORD_VIDEO_PATH=./videos/, PASSWORD=1234567, SCREENSHOT_STEP_ALL=false, EXPLICIT_WAIT_TIMEOUT=10}
[INFO] 31-08-2024 17:55:38 [TestNG-test=sample test1-5] LogUtils - ⭐️ Start test case testClicMarkAllAsRead
[INFO] 31-08-2024 17:55:38 [TestNG-test=sample test1-2] LogUtils - ⭐️ Start test case testAddnewTodoWithDesscription
[INFO] 31-08-2024 17:55:38 [TestNG-test=sample test1-4] LogUtils - ⭐️ Start test case testCheckTotalSectionStatistics
[INFO] 31-08-2024 17:55:38 [TestNG-test=sample test2-1] LogUtils - ⭐️ Start test case testClickMenuProject
[INFO] 31-08-2024 17:55:38 [TestNG-test=sample test1-1] LogUtils - ⭐️ Start test case testAddnewTodoWithBlankDesscription
[INFO] 31-08-2024 17:55:38 [TestNG-test=sample test1-3] LogUtils - ⭐️ Start test case testCheckTotalSectionMyToDoItems
[INFO] 31-08-2024 17:55:46 [TestNG-test=sample test1-2] LogUtils - 🌐 Open URL: https://crm.anhtester.com/admin/authentication
[INFO] 31-08-2024 17:55:46 [TestNG-test=sample test1-5] LogUtils - 🌐 Open URL: https://crm.anhtester.com/admin/authentication
[INFO] 31-08-2024 17:55:47 [TestNG-test=sample test1-3] LogUtils - 🌐 Open URL: https://crm.anhtester.com/admin/authentication
[INFO] 31-08-2024 17:55:47 [TestNG-test=sample test1-5] LogUtils - Get Element: By.xpath: //input[@id='email']
[INFO] 31-08-2024 17:55:47 [TestNG-test=sample test1-2] LogUtils - Get Element: By.xpath: //input[@id='email']
[INFO] 31-08-2024 17:55:47 [TestNG-test=sample test1-4] LogUtils - 🌐 Open URL: https://crm.anhtester.com/admin/authentication
[INFO] 31-08-2024 17:55:47 [TestNG-test=sample test1-1] LogUtils - 🌐 Open URL: https://crm.anhtester.com/admin/authentication
[INFO] 31-08-2024 17:55:48 [TestNG-test=sample test1-2] LogUtils - 🟢 Set text: admin@example.com on element By.xpath: //input[@id='email']
[INFO] 31-08-2024 17:55:48 [TestNG-test=sample test1-3] LogUtils - Get Element: By.xpath: //input[@id='email']
[INFO] 31-08-2024 17:55:49 [TestNG-test=sample test1-1] LogUtils - Get Element: By.xpath: //input[@id='email']
[INFO] 31-08-2024 17:55:49 [TestNG-test=sample test2-1] LogUtils - 🌐 Open URL: https://crm.anhtester.com/admin/authentication
[INFO] 31-08-2024 17:55:49 [TestNG-test=sample test1-2] LogUtils - Get Element: By.xpath: //input[@id='password']
[INFO] 31-08-2024 17:55:49 [TestNG-test=sample test1-4] LogUtils - Get Element: By.xpath: //input[@id='email']
[INFO] 31-08-2024 17:55:49 [TestNG-test=sample test1-1] LogUtils - 🟢 Set text: admin@example.com on element By.xpath: //input[@id='email']
[INFO] 31-08-2024 17:55:49 [TestNG-test=sample test1-2] LogUtils - 🟢 Set text: 123456 on element By.xpath: //input[@id='password']
[INFO] 31-08-2024 17:55:49 [TestNG-test=sample test1-2] LogUtils - Get Element: By.xpath: //button[normalize-space()='Login']
[INFO] 31-08-2024 17:55:50 [TestNG-test=sample test1-4] LogUtils - 🟢 Set text: admin@example.com on element By.xpath: //input[@id='email']
[INFO] 31-08-2024 17:55:50 [TestNG-test=sample test1-5] LogUtils - 🟢 Set text: admin@example.com on element By.xpath: //input[@id='email']
[INFO] 31-08-2024 17:55:50 [TestNG-test=sample test2-1] LogUtils - Get Element: By.xpath: //input[@id='email']
[INFO] 31-08-2024 17:55:50 [TestNG-test=sample test1-1] LogUtils - Get Element: By.xpath: //input[@id='password']
[INFO] 31-08-2024 17:55:50 [TestNG-test=sample test1-1] LogUtils - 🟢 Set text: 123456 on element By.xpath: //input[@id='password']
[INFO] 31-08-2024 17:55:50 [TestNG-test=sample test1-1] LogUtils - Get Element: By.xpath: //button[normalize-space()='Login']
[INFO] 31-08-2024 17:55:50 [TestNG-test=sample test2-1] LogUtils - 🟢 Set text: admin@example.com on element By.xpath: //input[@id='email']
[INFO] 31-08-2024 17:55:50 [TestNG-test=sample test1-2] LogUtils - Get Element: By.xpath: //button[normalize-space()='Login']
[INFO] 31-08-2024 17:55:51 [TestNG-test=sample test1-4] LogUtils - Get Element: By.xpath: //input[@id='password']
[INFO] 31-08-2024 17:55:51 [TestNG-test=sample test1-5] LogUtils - Get Element: By.xpath: //input[@id='password']
[INFO] 31-08-2024 17:55:51 [TestNG-test=sample test1-4] LogUtils - 🟢 Set text: 123456 on element By.xpath: //input[@id='password']
[INFO] 31-08-2024 17:55:51 [TestNG-test=sample test1-4] LogUtils - Get Element: By.xpath: //button[normalize-space()='Login']
[INFO] 31-08-2024 17:55:52 [TestNG-test=sample test1-5] LogUtils - 🟢 Set text: 123456 on element By.xpath: //input[@id='password']
[INFO] 31-08-2024 17:55:52 [TestNG-test=sample test1-5] LogUtils - Get Element: By.xpath: //button[normalize-space()='Login']
[INFO] 31-08-2024 17:55:52 [TestNG-test=sample test2-1] LogUtils - Get Element: By.xpath: //input[@id='password']
[INFO] 31-08-2024 17:55:52 [TestNG-test=sample test1-1] LogUtils - Get Element: By.xpath: //button[normalize-space()='Login']
[INFO] 31-08-2024 17:55:52 [TestNG-test=sample test2-1] LogUtils - 🟢 Set text: 123456 on element By.xpath: //input[@id='password']
[INFO] 31-08-2024 17:55:52 [TestNG-test=sample test2-1] LogUtils - Get Element: By.xpath: //button[normalize-space()='Login']
[INFO] 31-08-2024 17:55:52 [TestNG-test=sample test1-4] LogUtils - Get Element: By.xpath: //button[normalize-space()='Login']
[INFO] 31-08-2024 17:55:53 [TestNG-test=sample test1-1] LogUtils - 🟢 Click element: By.xpath: //button[normalize-space()='Login']
[INFO] 31-08-2024 17:55:53 [TestNG-test=sample test1-1] LogUtils - Get Element: By.xpath: //li[@class='icon header-todo']//a//span
[INFO] 31-08-2024 17:55:53 [TestNG-test=sample test1-5] LogUtils - Get Element: By.xpath: //button[normalize-space()='Login']
[INFO] 31-08-2024 17:55:53 [TestNG-test=sample test2-1] LogUtils - Get Element: By.xpath: //button[normalize-space()='Login']
[INFO] 31-08-2024 17:55:55 [TestNG-test=sample test1-2] LogUtils - 🟢 Click element: By.xpath: //button[normalize-space()='Login']
[INFO] 31-08-2024 17:55:55 [TestNG-test=sample test1-2] LogUtils - Get Element: By.xpath: //li[@class='icon header-todo']//a//span
[ERROR] 31-08-2024 17:55:56 [TestNG-test=sample test1-3] LogUtils - ❌ Test case testCheckTotalSectionMyToDoItems Failed
[ERROR] 31-08-2024 17:55:56 [TestNG-test=sample test1-3] LogUtils - org.openqa.selenium.remote.UnreachableBrowserException: Error communicating with the remote browser. It may have died.
Build info: version: '4.23.1', revision: '656257d8e9'
System info: os.name: 'Windows 10', os.arch: 'amd64', os.version: '10.0', java.version: '20.0.2'
Driver info: org.openqa.selenium.chrome.ChromeDriver
Command: [c51d4fe3d586e3d5ccb847d5ee424a13, sendKeysToElement [id, value]]
Capabilities {acceptInsecureCerts: false, browserName: chrome, browserVersion: 128.0.6613.86, chrome: {chromedriverVersion: 128.0.6613.86 (3045ed680fda..., userDataDir: C:\Users\PHUONG~1\AppData\L...}, fedcm:accounts: true, goog:chromeOptions: {debuggerAddress: localhost:56352}, networkConnectionEnabled: false, pageLoadStrategy: normal, platformName: windows, proxy: Proxy(), se:cdp: ws://localhost:56352/devtoo..., se:cdpVersion: 128.0.6613.86, setWindowRect: true, strictFileInteractability: false, timeouts: {implicit: 0, pageLoad: 300000, script: 30000}, unhandledPromptBehavior: dismiss and notify, webauthn:extension:credBlob: true, webauthn:extension:largeBlob: true, webauthn:extension:minPinLength: true, webauthn:extension:prf: true, webauthn:virtualAuthenticators: true}
Element: [[ChromeDriver: chrome on windows (c51d4fe3d586e3d5ccb847d5ee424a13)] -> xpath: //input[@id='email']]
Session ID: c51d4fe3d586e3d5ccb847d5ee424a13
[ERROR] 31-08-2024 17:55:56 [TestNG-test=sample test1-3] LogUtils - ❌ Test case testCheckTotalSectionMyToDoItems Failed
[ERROR] 31-08-2024 17:55:56 [TestNG-test=sample test1-3] LogUtils - org.openqa.selenium.remote.UnreachableBrowserException: Error communicating with the remote browser. It may have died.
Build info: version: '4.23.1', revision: '656257d8e9'
System info: os.name: 'Windows 10', os.arch: 'amd64', os.version: '10.0', java.version: '20.0.2'
Driver info: org.openqa.selenium.chrome.ChromeDriver
Command: [c51d4fe3d586e3d5ccb847d5ee424a13, screenshot []]
Capabilities {acceptInsecureCerts: false, browserName: chrome, browserVersion: 128.0.6613.86, chrome: {chromedriverVersion: 128.0.6613.86 (3045ed680fda..., userDataDir: C:\Users\PHUONG~1\AppData\L...}, fedcm:accounts: true, goog:chromeOptions: {debuggerAddress: localhost:56352}, networkConnectionEnabled: false, pageLoadStrategy: normal, platformName: windows, proxy: Proxy(), se:cdp: ws://localhost:56352/devtoo..., se:cdpVersion: 128.0.6613.86, setWindowRect: true, strictFileInteractability: false, timeouts: {implicit: 0, pageLoad: 300000, script: 30000}, unhandledPromptBehavior: dismiss and notify, webauthn:extension:credBlob: true, webauthn:extension:largeBlob: true, webauthn:extension:minPinLength: true, webauthn:extension:prf: true, webauthn:virtualAuthenticators: true}
Session ID: c51d4fe3d586e3d5ccb847d5ee424a13
[INFO] 31-08-2024 17:55:57 [TestNG-test=sample test1-5] LogUtils - 🟢 Click element: By.xpath: //button[normalize-space()='Login']
[INFO] 31-08-2024 17:55:57 [TestNG-test=sample test1-5] LogUtils - Get Element: By.xpath: //a[contains(@class,'notifications-icon')]
[ERROR] 31-08-2024 17:55:57 [TestNG-test=sample test1-5] LogUtils - Timeout waiting for the element ready to click. By.xpath: //a[contains(@class,'notifications-icon')]
[ERROR] 31-08-2024 17:55:57 [TestNG-test=sample test1-5] LogUtils - ❌ Test case testClicMarkAllAsRead Failed
[ERROR] 31-08-2024 17:55:57 [TestNG-test=sample test1-5] LogUtils - java.lang.AssertionError: Timeout waiting for the element ready to click. By.xpath: //a[contains(@class,'notifications-icon')]
[ERROR] 31-08-2024 17:55:58 [TestNG-test=sample test1-5] LogUtils - ❌ Test case testClicMarkAllAsRead Failed
[ERROR] 31-08-2024 17:55:58 [TestNG-test=sample test1-5] LogUtils - org.openqa.selenium.NoSuchWindowException: no such window: target window already closed
from unknown error: web view not found
  (Session info: chrome=128.0.6613.86)
Build info: version: '4.23.1', revision: '656257d8e9'
System info: os.name: 'Windows 10', os.arch: 'amd64', os.version: '10.0', java.version: '20.0.2'
Driver info: org.openqa.selenium.chrome.ChromeDriver
Command: [c6f90c01149b2c91f8bc785ef27d2db2, screenshot {}]
Capabilities {acceptInsecureCerts: false, browserName: chrome, browserVersion: 128.0.6613.86, chrome: {chromedriverVersion: 128.0.6613.86 (3045ed680fda..., userDataDir: C:\Users\PHUONG~1\AppData\L...}, fedcm:accounts: true, goog:chromeOptions: {debuggerAddress: localhost:56355}, networkConnectionEnabled: false, pageLoadStrategy: normal, platformName: windows, proxy: Proxy(), se:cdp: ws://localhost:56355/devtoo..., se:cdpVersion: 128.0.6613.86, setWindowRect: true, strictFileInteractability: false, timeouts: {implicit: 0, pageLoad: 300000, script: 30000}, unhandledPromptBehavior: dismiss and notify, webauthn:extension:credBlob: true, webauthn:extension:largeBlob: true, webauthn:extension:minPinLength: true, webauthn:extension:prf: true, webauthn:virtualAuthenticators: true}
Session ID: c6f90c01149b2c91f8bc785ef27d2db2
[INFO] 31-08-2024 17:56:00 [TestNG-test=sample test1-4] LogUtils - 🟢 Click element: By.xpath: //button[normalize-space()='Login']
[INFO] 31-08-2024 17:56:00 [TestNG-test=sample test1-4] LogUtils - Get list element: By.xpath: (//span[normalize-space()='Invoices Awaiting Payment']/parent::div)/following-sibling::span
[INFO] 31-08-2024 17:56:00 [TestNG-test=sample test1-4] LogUtils - ✅ Check Element Exist: true ---> By.xpath: (//span[normalize-space()='Invoices Awaiting Payment']/parent::div)/following-sibling::span
[INFO] 31-08-2024 17:56:00 [TestNG-test=sample test1-4] LogUtils - Get Element: By.xpath: (//span[normalize-space()='Invoices Awaiting Payment']/parent::div)/following-sibling::span
[ERROR] 31-08-2024 17:56:01 [TestNG-test=sample test1-4] LogUtils - ❌ Test case testCheckTotalSectionStatistics Failed
[ERROR] 31-08-2024 17:56:01 [TestNG-test=sample test1-4] LogUtils - java.lang.AssertionError: FAIL. Invoices Awaiting Payment total not match. expected [3 / 3] but found [4 / 5]
[INFO] 31-08-2024 17:56:01 [TestNG-test=sample test1-4] LogUtils - Screenshot success !!
[INFO] 31-08-2024 17:56:01 [TestNG-test=sample test2-1] LogUtils - 🟢 Click element: By.xpath: //button[normalize-space()='Login']
[INFO] 31-08-2024 17:56:01 [TestNG-test=sample test2-1] LogUtils - Get Element: By.xpath: //span[normalize-space()='Projects']
[ERROR] 31-08-2024 17:56:02 [TestNG-test=sample test2-1] LogUtils - Timeout waiting for the element ready to click. By.xpath: //span[normalize-space()='Projects']
[ERROR] 31-08-2024 17:56:02 [TestNG-test=sample test2-1] LogUtils - ❌ Test case testClickMenuProject Failed
[ERROR] 31-08-2024 17:56:02 [TestNG-test=sample test2-1] LogUtils - java.lang.AssertionError: Timeout waiting for the element ready to click. By.xpath: //span[normalize-space()='Projects']
[ERROR] 31-08-2024 17:56:02 [TestNG-test=sample test2-1] LogUtils - ❌ Test case testClickMenuProject Failed
[ERROR] 31-08-2024 17:56:02 [TestNG-test=sample test2-1] LogUtils - org.openqa.selenium.WebDriverException: disconnected: not connected to DevTools
  (failed to check if window was closed: disconnected: not connected to DevTools)
  (Session info: chrome=128.0.6613.86)
Build info: version: '4.23.1', revision: '656257d8e9'
System info: os.name: 'Windows 10', os.arch: 'amd64', os.version: '10.0', java.version: '20.0.2'
Driver info: org.openqa.selenium.chrome.ChromeDriver
Command: [4f6f7784b2a2b1c1746e7a85432bf3f1, screenshot {}]
Capabilities {acceptInsecureCerts: false, browserName: chrome, browserVersion: 128.0.6613.86, chrome: {chromedriverVersion: 128.0.6613.86 (3045ed680fda..., userDataDir: C:\Users\PHUONG~1\AppData\L...}, fedcm:accounts: true, goog:chromeOptions: {debuggerAddress: localhost:56350}, networkConnectionEnabled: false, pageLoadStrategy: normal, platformName: windows, proxy: Proxy(), se:cdp: ws://localhost:56350/devtoo..., se:cdpVersion: 128.0.6613.86, setWindowRect: true, strictFileInteractability: false, timeouts: {implicit: 0, pageLoad: 300000, script: 30000}, unhandledPromptBehavior: dismiss and notify, webauthn:extension:credBlob: true, webauthn:extension:largeBlob: true, webauthn:extension:minPinLength: true, webauthn:extension:prf: true, webauthn:virtualAuthenticators: true}
Session ID: 4f6f7784b2a2b1c1746e7a85432bf3f1
[INFO] 31-08-2024 17:56:02 [TestNG-tests-2] LogUtils - ⭐️ ***** END FINISHED Sat Aug 31 17:56:02 ICT 2024 *****
[INFO] 31-08-2024 17:56:04 [TestNG-test=sample test1-4] LogUtils - Record success !!
[ERROR] 31-08-2024 17:56:05 [TestNG-test=sample test1-2] LogUtils - Timeout waiting for the element ready to click. By.xpath: //li[@class='icon header-todo']//a//span
[ERROR] 31-08-2024 17:56:05 [TestNG-test=sample test1-2] LogUtils - ❌ Test case testAddnewTodoWithDesscription Failed
[ERROR] 31-08-2024 17:56:05 [TestNG-test=sample test1-2] LogUtils - java.lang.AssertionError: Timeout waiting for the element ready to click. By.xpath: //li[@class='icon header-todo']//a//span
[INFO] 31-08-2024 17:56:05 [TestNG-test=sample test1-6] LogUtils - ⭐️ Start test case testClickClosePopupAddNewToDo
[INFO] 31-08-2024 17:56:05 [TestNG-test=sample test1-2] LogUtils - Screenshot success !!
[INFO] 31-08-2024 17:56:06 [TestNG-test=sample test1-7] LogUtils - ⭐️ Start test case testClickDashboard
[INFO] 31-08-2024 17:56:07 [TestNG-test=sample test1-2] LogUtils - Record success !!
[INFO] 31-08-2024 17:56:08 [TestNG-test=sample test1-7] LogUtils - 🌐 Open URL: https://crm.anhtester.com/admin/authentication
[ERROR] 31-08-2024 17:56:08 [TestNG-test=sample test1-7] LogUtils - ❌ Test case testClickDashboard Failed
[ERROR] 31-08-2024 17:56:08 [TestNG-test=sample test1-7] LogUtils - org.openqa.selenium.NoSuchWindowException: no such window: target window already closed
from unknown error: web view not found
  (Session info: chrome=128.0.6613.86)
Build info: version: '4.23.1', revision: '656257d8e9'
System info: os.name: 'Windows 10', os.arch: 'amd64', os.version: '10.0', java.version: '20.0.2'
Driver info: org.openqa.selenium.chrome.ChromeDriver
Command: [446d6eb20fecf38e9b0fdae079d08977, executeScript {script=return document.readyState, args=[]}]
Capabilities {acceptInsecureCerts: false, browserName: chrome, browserVersion: 128.0.6613.86, chrome: {chromedriverVersion: 128.0.6613.86 (3045ed680fda..., userDataDir: C:\Users\PHUONG~1\AppData\L...}, fedcm:accounts: true, goog:chromeOptions: {debuggerAddress: localhost:56462}, networkConnectionEnabled: false, pageLoadStrategy: normal, platformName: windows, proxy: Proxy(), se:cdp: ws://localhost:56462/devtoo..., se:cdpVersion: 128.0.6613.86, setWindowRect: true, strictFileInteractability: false, timeouts: {implicit: 0, pageLoad: 300000, script: 30000}, unhandledPromptBehavior: dismiss and notify, webauthn:extension:credBlob: true, webauthn:extension:largeBlob: true, webauthn:extension:minPinLength: true, webauthn:extension:prf: true, webauthn:virtualAuthenticators: true}
Session ID: 446d6eb20fecf38e9b0fdae079d08977
[ERROR] 31-08-2024 17:56:08 [TestNG-test=sample test1-7] LogUtils - ❌ Test case testClickDashboard Failed
[ERROR] 31-08-2024 17:56:08 [TestNG-test=sample test1-7] LogUtils - org.openqa.selenium.NoSuchWindowException: no such window: target window already closed
from unknown error: web view not found
  (Session info: chrome=128.0.6613.86)
Build info: version: '4.23.1', revision: '656257d8e9'
System info: os.name: 'Windows 10', os.arch: 'amd64', os.version: '10.0', java.version: '20.0.2'
Driver info: org.openqa.selenium.chrome.ChromeDriver
Command: [446d6eb20fecf38e9b0fdae079d08977, screenshot {}]
Capabilities {acceptInsecureCerts: false, browserName: chrome, browserVersion: 128.0.6613.86, chrome: {chromedriverVersion: 128.0.6613.86 (3045ed680fda..., userDataDir: C:\Users\PHUONG~1\AppData\L...}, fedcm:accounts: true, goog:chromeOptions: {debuggerAddress: localhost:56462}, networkConnectionEnabled: false, pageLoadStrategy: normal, platformName: windows, proxy: Proxy(), se:cdp: ws://localhost:56462/devtoo..., se:cdpVersion: 128.0.6613.86, setWindowRect: true, strictFileInteractability: false, timeouts: {implicit: 0, pageLoad: 300000, script: 30000}, unhandledPromptBehavior: dismiss and notify, webauthn:extension:credBlob: true, webauthn:extension:largeBlob: true, webauthn:extension:minPinLength: true, webauthn:extension:prf: true, webauthn:virtualAuthenticators: true}
Session ID: 446d6eb20fecf38e9b0fdae079d08977
[INFO] 31-08-2024 17:56:09 [TestNG-test=sample test1-6] LogUtils - 🌐 Open URL: https://crm.anhtester.com/admin/authentication
[ERROR] 31-08-2024 17:56:09 [TestNG-test=sample test1-6] LogUtils - ❌ Test case testClickClosePopupAddNewToDo Failed
[ERROR] 31-08-2024 17:56:09 [TestNG-test=sample test1-6] LogUtils - org.openqa.selenium.NoSuchWindowException: no such window: target window already closed
from unknown error: web view not found
  (Session info: chrome=128.0.6613.86)
Build info: version: '4.23.1', revision: '656257d8e9'
System info: os.name: 'Windows 10', os.arch: 'amd64', os.version: '10.0', java.version: '20.0.2'
Driver info: org.openqa.selenium.chrome.ChromeDriver
Command: [c917bf26c09861fe6add483898d2ce4c, executeScript {script=return document.readyState, args=[]}]
Capabilities {acceptInsecureCerts: false, browserName: chrome, browserVersion: 128.0.6613.86, chrome: {chromedriverVersion: 128.0.6613.86 (3045ed680fda..., userDataDir: C:\Users\PHUONG~1\AppData\L...}, fedcm:accounts: true, goog:chromeOptions: {debuggerAddress: localhost:56458}, networkConnectionEnabled: false, pageLoadStrategy: normal, platformName: windows, proxy: Proxy(), se:cdp: ws://localhost:56458/devtoo..., se:cdpVersion: 128.0.6613.86, setWindowRect: true, strictFileInteractability: false, timeouts: {implicit: 0, pageLoad: 300000, script: 30000}, unhandledPromptBehavior: dismiss and notify, webauthn:extension:credBlob: true, webauthn:extension:largeBlob: true, webauthn:extension:minPinLength: true, webauthn:extension:prf: true, webauthn:virtualAuthenticators: true}
Session ID: c917bf26c09861fe6add483898d2ce4c
[ERROR] 31-08-2024 17:56:09 [TestNG-test=sample test1-6] LogUtils - ❌ Test case testClickClosePopupAddNewToDo Failed
[ERROR] 31-08-2024 17:56:09 [TestNG-test=sample test1-6] LogUtils - org.openqa.selenium.NoSuchWindowException: no such window: target window already closed
from unknown error: web view not found
  (Session info: chrome=128.0.6613.86)
Build info: version: '4.23.1', revision: '656257d8e9'
System info: os.name: 'Windows 10', os.arch: 'amd64', os.version: '10.0', java.version: '20.0.2'
Driver info: org.openqa.selenium.chrome.ChromeDriver
Command: [c917bf26c09861fe6add483898d2ce4c, screenshot {}]
Capabilities {acceptInsecureCerts: false, browserName: chrome, browserVersion: 128.0.6613.86, chrome: {chromedriverVersion: 128.0.6613.86 (3045ed680fda..., userDataDir: C:\Users\PHUONG~1\AppData\L...}, fedcm:accounts: true, goog:chromeOptions: {debuggerAddress: localhost:56458}, networkConnectionEnabled: false, pageLoadStrategy: normal, platformName: windows, proxy: Proxy(), se:cdp: ws://localhost:56458/devtoo..., se:cdpVersion: 128.0.6613.86, setWindowRect: true, strictFileInteractability: false, timeouts: {implicit: 0, pageLoad: 300000, script: 30000}, unhandledPromptBehavior: dismiss and notify, webauthn:extension:credBlob: true, webauthn:extension:largeBlob: true, webauthn:extension:minPinLength: true, webauthn:extension:prf: true, webauthn:virtualAuthenticators: true}
Session ID: c917bf26c09861fe6add483898d2ce4c
[ERROR] 31-08-2024 17:56:10 [TestNG-test=sample test1-1] LogUtils - Timeout waiting for the element ready to click. By.xpath: //li[@class='icon header-todo']//a//span
[ERROR] 31-08-2024 17:56:10 [TestNG-test=sample test1-1] LogUtils - ❌ Test case testAddnewTodoWithBlankDesscription Failed
[ERROR] 31-08-2024 17:56:10 [TestNG-test=sample test1-1] LogUtils - java.lang.AssertionError: Timeout waiting for the element ready to click. By.xpath: //li[@class='icon header-todo']//a//span
[ERROR] 31-08-2024 17:56:10 [TestNG-test=sample test1-1] LogUtils - ❌ Test case testAddnewTodoWithBlankDesscription Failed
[ERROR] 31-08-2024 17:56:10 [TestNG-test=sample test1-1] LogUtils - org.openqa.selenium.NoSuchWindowException: no such window: target window already closed
from unknown error: web view not found
  (Session info: chrome=128.0.6613.86)
Build info: version: '4.23.1', revision: '656257d8e9'
System info: os.name: 'Windows 10', os.arch: 'amd64', os.version: '10.0', java.version: '20.0.2'
Driver info: org.openqa.selenium.chrome.ChromeDriver
Command: [ae6079c0c69731870972ca99bb6600e0, screenshot {}]
Capabilities {acceptInsecureCerts: false, browserName: chrome, browserVersion: 128.0.6613.86, chrome: {chromedriverVersion: 128.0.6613.86 (3045ed680fda..., userDataDir: C:\Users\PHUONG~1\AppData\L...}, fedcm:accounts: true, goog:chromeOptions: {debuggerAddress: localhost:56353}, networkConnectionEnabled: false, pageLoadStrategy: normal, platformName: windows, proxy: Proxy(), se:cdp: ws://localhost:56353/devtoo..., se:cdpVersion: 128.0.6613.86, setWindowRect: true, strictFileInteractability: false, timeouts: {implicit: 0, pageLoad: 300000, script: 30000}, unhandledPromptBehavior: dismiss and notify, webauthn:extension:credBlob: true, webauthn:extension:largeBlob: true, webauthn:extension:minPinLength: true, webauthn:extension:prf: true, webauthn:virtualAuthenticators: true}
Session ID: ae6079c0c69731870972ca99bb6600e0
[INFO] 31-08-2024 17:56:12 [TestNG-test=sample test1-8] LogUtils - ⭐️ Start test case testClickItemClosePopupAddNewToDo
[INFO] 31-08-2024 17:56:14 [TestNG-test=sample test1-4] LogUtils - ⭐️ Start test case testClickNotificstion
[INFO] 31-08-2024 17:56:14 [TestNG-test=sample test1-9] LogUtils - ⭐️ Start test case testClickOutSitePopupAddNewTodo
[INFO] 31-08-2024 17:56:14 [TestNG-test=sample test1-8] LogUtils - 🌐 Open URL: https://crm.anhtester.com/admin/authentication
[ERROR] 31-08-2024 17:56:14 [TestNG-test=sample test1-8] LogUtils - ❌ Test case testClickItemClosePopupAddNewToDo Failed
[ERROR] 31-08-2024 17:56:14 [TestNG-test=sample test1-8] LogUtils - org.openqa.selenium.NoSuchWindowException: no such window: target window already closed
from unknown error: web view not found
  (Session info: chrome=128.0.6613.86)
Build info: version: '4.23.1', revision: '656257d8e9'
System info: os.name: 'Windows 10', os.arch: 'amd64', os.version: '10.0', java.version: '20.0.2'
Driver info: org.openqa.selenium.chrome.ChromeDriver
Command: [2c31beedd653bdb42e7fcff81d042e61, executeScript {script=return document.readyState, args=[]}]
Capabilities {acceptInsecureCerts: false, browserName: chrome, browserVersion: 128.0.6613.86, chrome: {chromedriverVersion: 128.0.6613.86 (3045ed680fda..., userDataDir: C:\Users\PHUONG~1\AppData\L...}, fedcm:accounts: true, goog:chromeOptions: {debuggerAddress: localhost:56489}, networkConnectionEnabled: false, pageLoadStrategy: normal, platformName: windows, proxy: Proxy(), se:cdp: ws://localhost:56489/devtoo..., se:cdpVersion: 128.0.6613.86, setWindowRect: true, strictFileInteractability: false, timeouts: {implicit: 0, pageLoad: 300000, script: 30000}, unhandledPromptBehavior: dismiss and notify, webauthn:extension:credBlob: true, webauthn:extension:largeBlob: true, webauthn:extension:minPinLength: true, webauthn:extension:prf: true, webauthn:virtualAuthenticators: true}
Session ID: 2c31beedd653bdb42e7fcff81d042e61
[ERROR] 31-08-2024 17:56:14 [TestNG-test=sample test1-8] LogUtils - ❌ Test case testClickItemClosePopupAddNewToDo Failed
[ERROR] 31-08-2024 17:56:14 [TestNG-test=sample test1-8] LogUtils - org.openqa.selenium.NoSuchWindowException: no such window: target window already closed
from unknown error: web view not found
  (Session info: chrome=128.0.6613.86)
Build info: version: '4.23.1', revision: '656257d8e9'
System info: os.name: 'Windows 10', os.arch: 'amd64', os.version: '10.0', java.version: '20.0.2'
Driver info: org.openqa.selenium.chrome.ChromeDriver
Command: [2c31beedd653bdb42e7fcff81d042e61, screenshot {}]
Capabilities {acceptInsecureCerts: false, browserName: chrome, browserVersion: 128.0.6613.86, chrome: {chromedriverVersion: 128.0.6613.86 (3045ed680fda..., userDataDir: C:\Users\PHUONG~1\AppData\L...}, fedcm:accounts: true, goog:chromeOptions: {debuggerAddress: localhost:56489}, networkConnectionEnabled: false, pageLoadStrategy: normal, platformName: windows, proxy: Proxy(), se:cdp: ws://localhost:56489/devtoo..., se:cdpVersion: 128.0.6613.86, setWindowRect: true, strictFileInteractability: false, timeouts: {implicit: 0, pageLoad: 300000, script: 30000}, unhandledPromptBehavior: dismiss and notify, webauthn:extension:credBlob: true, webauthn:extension:largeBlob: true, webauthn:extension:minPinLength: true, webauthn:extension:prf: true, webauthn:virtualAuthenticators: true}
Session ID: 2c31beedd653bdb42e7fcff81d042e61
[INFO] 31-08-2024 17:56:15 [TestNG-test=sample test1-4] LogUtils - 🌐 Open URL: https://crm.anhtester.com/admin/authentication
[ERROR] 31-08-2024 17:56:15 [TestNG-test=sample test1-4] LogUtils - ❌ Test case testClickNotificstion Failed
[ERROR] 31-08-2024 17:56:15 [TestNG-test=sample test1-4] LogUtils - org.openqa.selenium.NoSuchWindowException: no such window: target window already closed
from unknown error: web view not found
  (Session info: chrome=128.0.6613.86)
Build info: version: '4.23.1', revision: '656257d8e9'
System info: os.name: 'Windows 10', os.arch: 'amd64', os.version: '10.0', java.version: '20.0.2'
Driver info: org.openqa.selenium.chrome.ChromeDriver
Command: [0c70c788b347de2d74a5c570df1eb170, executeScript {script=return document.readyState, args=[]}]
Capabilities {acceptInsecureCerts: false, browserName: chrome, browserVersion: 128.0.6613.86, chrome: {chromedriverVersion: 128.0.6613.86 (3045ed680fda..., userDataDir: C:\Users\PHUONG~1\AppData\L...}, fedcm:accounts: true, goog:chromeOptions: {debuggerAddress: localhost:56510}, networkConnectionEnabled: false, pageLoadStrategy: normal, platformName: windows, proxy: Proxy(), se:cdp: ws://localhost:56510/devtoo..., se:cdpVersion: 128.0.6613.86, setWindowRect: true, strictFileInteractability: false, timeouts: {implicit: 0, pageLoad: 300000, script: 30000}, unhandledPromptBehavior: dismiss and notify, webauthn:extension:credBlob: true, webauthn:extension:largeBlob: true, webauthn:extension:minPinLength: true, webauthn:extension:prf: true, webauthn:virtualAuthenticators: true}
Session ID: 0c70c788b347de2d74a5c570df1eb170
[ERROR] 31-08-2024 17:56:16 [TestNG-test=sample test1-4] LogUtils - ❌ Test case testClickNotificstion Failed
[ERROR] 31-08-2024 17:56:16 [TestNG-test=sample test1-4] LogUtils - org.openqa.selenium.NoSuchWindowException: no such window: target window already closed
from unknown error: web view not found
  (Session info: chrome=128.0.6613.86)
Build info: version: '4.23.1', revision: '656257d8e9'
System info: os.name: 'Windows 10', os.arch: 'amd64', os.version: '10.0', java.version: '20.0.2'
Driver info: org.openqa.selenium.chrome.ChromeDriver
Command: [0c70c788b347de2d74a5c570df1eb170, screenshot {}]
Capabilities {acceptInsecureCerts: false, browserName: chrome, browserVersion: 128.0.6613.86, chrome: {chromedriverVersion: 128.0.6613.86 (3045ed680fda..., userDataDir: C:\Users\PHUONG~1\AppData\L...}, fedcm:accounts: true, goog:chromeOptions: {debuggerAddress: localhost:56510}, networkConnectionEnabled: false, pageLoadStrategy: normal, platformName: windows, proxy: Proxy(), se:cdp: ws://localhost:56510/devtoo..., se:cdpVersion: 128.0.6613.86, setWindowRect: true, strictFileInteractability: false, timeouts: {implicit: 0, pageLoad: 300000, script: 30000}, unhandledPromptBehavior: dismiss and notify, webauthn:extension:credBlob: true, webauthn:extension:largeBlob: true, webauthn:extension:minPinLength: true, webauthn:extension:prf: true, webauthn:virtualAuthenticators: true}
Session ID: 0c70c788b347de2d74a5c570df1eb170
[INFO] 31-08-2024 17:56:17 [TestNG-test=sample test1-9] LogUtils - 🌐 Open URL: https://crm.anhtester.com/admin/authentication
[ERROR] 31-08-2024 17:56:17 [TestNG-test=sample test1-9] LogUtils - ❌ Test case testClickOutSitePopupAddNewTodo Failed
[ERROR] 31-08-2024 17:56:17 [TestNG-test=sample test1-9] LogUtils - org.openqa.selenium.NoSuchWindowException: no such window: target window already closed
from unknown error: web view not found
  (Session info: chrome=128.0.6613.86)
Build info: version: '4.23.1', revision: '656257d8e9'
System info: os.name: 'Windows 10', os.arch: 'amd64', os.version: '10.0', java.version: '20.0.2'
Driver info: org.openqa.selenium.chrome.ChromeDriver
Command: [ff97d58b13945c2f587b92df54f0e5dd, executeScript {script=return document.readyState, args=[]}]
Capabilities {acceptInsecureCerts: false, browserName: chrome, browserVersion: 128.0.6613.86, chrome: {chromedriverVersion: 128.0.6613.86 (3045ed680fda..., userDataDir: C:\Users\PHUONG~1\AppData\L...}, fedcm:accounts: true, goog:chromeOptions: {debuggerAddress: localhost:56515}, networkConnectionEnabled: false, pageLoadStrategy: normal, platformName: windows, proxy: Proxy(), se:cdp: ws://localhost:56515/devtoo..., se:cdpVersion: 128.0.6613.86, setWindowRect: true, strictFileInteractability: false, timeouts: {implicit: 0, pageLoad: 300000, script: 30000}, unhandledPromptBehavior: dismiss and notify, webauthn:extension:credBlob: true, webauthn:extension:largeBlob: true, webauthn:extension:minPinLength: true, webauthn:extension:prf: true, webauthn:virtualAuthenticators: true}
Session ID: ff97d58b13945c2f587b92df54f0e5dd
[ERROR] 31-08-2024 17:56:17 [TestNG-test=sample test1-9] LogUtils - ❌ Test case testClickOutSitePopupAddNewTodo Failed
[ERROR] 31-08-2024 17:56:17 [TestNG-test=sample test1-9] LogUtils - org.openqa.selenium.NoSuchWindowException: no such window: target window already closed
from unknown error: web view not found
  (Session info: chrome=128.0.6613.86)
Build info: version: '4.23.1', revision: '656257d8e9'
System info: os.name: 'Windows 10', os.arch: 'amd64', os.version: '10.0', java.version: '20.0.2'
Driver info: org.openqa.selenium.chrome.ChromeDriver
Command: [ff97d58b13945c2f587b92df54f0e5dd, screenshot {}]
Capabilities {acceptInsecureCerts: false, browserName: chrome, browserVersion: 128.0.6613.86, chrome: {chromedriverVersion: 128.0.6613.86 (3045ed680fda..., userDataDir: C:\Users\PHUONG~1\AppData\L...}, fedcm:accounts: true, goog:chromeOptions: {debuggerAddress: localhost:56515}, networkConnectionEnabled: false, pageLoadStrategy: normal, platformName: windows, proxy: Proxy(), se:cdp: ws://localhost:56515/devtoo..., se:cdpVersion: 128.0.6613.86, setWindowRect: true, strictFileInteractability: false, timeouts: {implicit: 0, pageLoad: 300000, script: 30000}, unhandledPromptBehavior: dismiss and notify, webauthn:extension:credBlob: true, webauthn:extension:largeBlob: true, webauthn:extension:minPinLength: true, webauthn:extension:prf: true, webauthn:virtualAuthenticators: true}
Session ID: ff97d58b13945c2f587b92df54f0e5dd
[INFO] 31-08-2024 17:56:17 [TestNG-test=sample test1-10] LogUtils - ⭐️ Start test case testClickoptionSearch
[INFO] 31-08-2024 17:56:17 [TestNG-test=sample test1-2] LogUtils - ⭐️ Start test case testDeleteHistorySearch
[INFO] 31-08-2024 17:56:19 [TestNG-test=sample test1-2] LogUtils - 🌐 Open URL: https://crm.anhtester.com/admin/authentication
[ERROR] 31-08-2024 17:56:19 [TestNG-test=sample test1-2] LogUtils - ❌ Test case testDeleteHistorySearch Failed
[INFO] 31-08-2024 17:56:19 [TestNG-test=sample test1-10] LogUtils - 🌐 Open URL: https://crm.anhtester.com/admin/authentication
[ERROR] 31-08-2024 17:56:19 [TestNG-test=sample test1-2] LogUtils - org.openqa.selenium.NoSuchWindowException: no such window: target window already closed
from unknown error: web view not found
  (Session info: chrome=128.0.6613.86)
Build info: version: '4.23.1', revision: '656257d8e9'
System info: os.name: 'Windows 10', os.arch: 'amd64', os.version: '10.0', java.version: '20.0.2'
Driver info: org.openqa.selenium.chrome.ChromeDriver
Command: [cab90a9ba18743b5e10f16390ec1145c, executeScript {script=return document.readyState, args=[]}]
Capabilities {acceptInsecureCerts: false, browserName: chrome, browserVersion: 128.0.6613.86, chrome: {chromedriverVersion: 128.0.6613.86 (3045ed680fda..., userDataDir: C:\Users\PHUONG~1\AppData\L...}, fedcm:accounts: true, goog:chromeOptions: {debuggerAddress: localhost:56552}, networkConnectionEnabled: false, pageLoadStrategy: normal, platformName: windows, proxy: Proxy(), se:cdp: ws://localhost:56552/devtoo..., se:cdpVersion: 128.0.6613.86, setWindowRect: true, strictFileInteractability: false, timeouts: {implicit: 0, pageLoad: 300000, script: 30000}, unhandledPromptBehavior: dismiss and notify, webauthn:extension:credBlob: true, webauthn:extension:largeBlob: true, webauthn:extension:minPinLength: true, webauthn:extension:prf: true, webauthn:virtualAuthenticators: true}
Session ID: cab90a9ba18743b5e10f16390ec1145c
[ERROR] 31-08-2024 17:56:19 [TestNG-test=sample test1-2] LogUtils - ❌ Test case testDeleteHistorySearch Failed
[ERROR] 31-08-2024 17:56:19 [TestNG-test=sample test1-2] LogUtils - org.openqa.selenium.NoSuchWindowException: no such window: target window already closed
from unknown error: web view not found
  (Session info: chrome=128.0.6613.86)
Build info: version: '4.23.1', revision: '656257d8e9'
System info: os.name: 'Windows 10', os.arch: 'amd64', os.version: '10.0', java.version: '20.0.2'
Driver info: org.openqa.selenium.chrome.ChromeDriver
Command: [cab90a9ba18743b5e10f16390ec1145c, screenshot {}]
Capabilities {acceptInsecureCerts: false, browserName: chrome, browserVersion: 128.0.6613.86, chrome: {chromedriverVersion: 128.0.6613.86 (3045ed680fda..., userDataDir: C:\Users\PHUONG~1\AppData\L...}, fedcm:accounts: true, goog:chromeOptions: {debuggerAddress: localhost:56552}, networkConnectionEnabled: false, pageLoadStrategy: normal, platformName: windows, proxy: Proxy(), se:cdp: ws://localhost:56552/devtoo..., se:cdpVersion: 128.0.6613.86, setWindowRect: true, strictFileInteractability: false, timeouts: {implicit: 0, pageLoad: 300000, script: 30000}, unhandledPromptBehavior: dismiss and notify, webauthn:extension:credBlob: true, webauthn:extension:largeBlob: true, webauthn:extension:minPinLength: true, webauthn:extension:prf: true, webauthn:virtualAuthenticators: true}
Session ID: cab90a9ba18743b5e10f16390ec1145c
[ERROR] 31-08-2024 17:56:19 [TestNG-test=sample test1-10] LogUtils - ❌ Test case testClickoptionSearch Failed
[ERROR] 31-08-2024 17:56:19 [TestNG-test=sample test1-10] LogUtils - org.openqa.selenium.NoSuchWindowException: no such window: target window already closed
from unknown error: web view not found
  (Session info: chrome=128.0.6613.86)
Build info: version: '4.23.1', revision: '656257d8e9'
System info: os.name: 'Windows 10', os.arch: 'amd64', os.version: '10.0', java.version: '20.0.2'
Driver info: org.openqa.selenium.chrome.ChromeDriver
Command: [6cefa55ae902f7ab179d25684cea467e, executeScript {script=return document.readyState, args=[]}]
Capabilities {acceptInsecureCerts: false, browserName: chrome, browserVersion: 128.0.6613.86, chrome: {chromedriverVersion: 128.0.6613.86 (3045ed680fda..., userDataDir: C:\Users\PHUONG~1\AppData\L...}, fedcm:accounts: true, goog:chromeOptions: {debuggerAddress: localhost:56542}, networkConnectionEnabled: false, pageLoadStrategy: normal, platformName: windows, proxy: Proxy(), se:cdp: ws://localhost:56542/devtoo..., se:cdpVersion: 128.0.6613.86, setWindowRect: true, strictFileInteractability: false, timeouts: {implicit: 0, pageLoad: 300000, script: 30000}, unhandledPromptBehavior: dismiss and notify, webauthn:extension:credBlob: true, webauthn:extension:largeBlob: true, webauthn:extension:minPinLength: true, webauthn:extension:prf: true, webauthn:virtualAuthenticators: true}
Session ID: 6cefa55ae902f7ab179d25684cea467e
[ERROR] 31-08-2024 17:56:20 [TestNG-test=sample test1-10] LogUtils - ❌ Test case testClickoptionSearch Failed
[ERROR] 31-08-2024 17:56:20 [TestNG-test=sample test1-10] LogUtils - org.openqa.selenium.NoSuchWindowException: no such window: target window already closed
from unknown error: web view not found
  (Session info: chrome=128.0.6613.86)
Build info: version: '4.23.1', revision: '656257d8e9'
System info: os.name: 'Windows 10', os.arch: 'amd64', os.version: '10.0', java.version: '20.0.2'
Driver info: org.openqa.selenium.chrome.ChromeDriver
Command: [6cefa55ae902f7ab179d25684cea467e, screenshot {}]
Capabilities {acceptInsecureCerts: false, browserName: chrome, browserVersion: 128.0.6613.86, chrome: {chromedriverVersion: 128.0.6613.86 (3045ed680fda..., userDataDir: C:\Users\PHUONG~1\AppData\L...}, fedcm:accounts: true, goog:chromeOptions: {debuggerAddress: localhost:56542}, networkConnectionEnabled: false, pageLoadStrategy: normal, platformName: windows, proxy: Proxy(), se:cdp: ws://localhost:56542/devtoo..., se:cdpVersion: 128.0.6613.86, setWindowRect: true, strictFileInteractability: false, timeouts: {implicit: 0, pageLoad: 300000, script: 30000}, unhandledPromptBehavior: dismiss and notify, webauthn:extension:credBlob: true, webauthn:extension:largeBlob: true, webauthn:extension:minPinLength: true, webauthn:extension:prf: true, webauthn:virtualAuthenticators: true}
Session ID: 6cefa55ae902f7ab179d25684cea467e
[INFO] 31-08-2024 17:56:20 [TestNG-test=sample test1-11] LogUtils - ⭐️ Start test case testGetHistorySearch
[INFO] 31-08-2024 17:56:22 [TestNG-test=sample test1-11] LogUtils - 🌐 Open URL: https://crm.anhtester.com/admin/authentication
[ERROR] 31-08-2024 17:56:22 [TestNG-test=sample test1-11] LogUtils - ❌ Test case testGetHistorySearch Failed
[ERROR] 31-08-2024 17:56:22 [TestNG-test=sample test1-11] LogUtils - org.openqa.selenium.NoSuchWindowException: no such window: target window already closed
from unknown error: web view not found
  (Session info: chrome=128.0.6613.86)
Build info: version: '4.23.1', revision: '656257d8e9'
System info: os.name: 'Windows 10', os.arch: 'amd64', os.version: '10.0', java.version: '20.0.2'
Driver info: org.openqa.selenium.chrome.ChromeDriver
Command: [7edfafedceb1669c699576f865c702ca, executeScript {script=return document.readyState, args=[]}]
Capabilities {acceptInsecureCerts: false, browserName: chrome, browserVersion: 128.0.6613.86, chrome: {chromedriverVersion: 128.0.6613.86 (3045ed680fda..., userDataDir: C:\Users\PHUONG~1\AppData\L...}, fedcm:accounts: true, goog:chromeOptions: {debuggerAddress: localhost:56575}, networkConnectionEnabled: false, pageLoadStrategy: normal, platformName: windows, proxy: Proxy(), se:cdp: ws://localhost:56575/devtoo..., se:cdpVersion: 128.0.6613.86, setWindowRect: true, strictFileInteractability: false, timeouts: {implicit: 0, pageLoad: 300000, script: 30000}, unhandledPromptBehavior: dismiss and notify, webauthn:extension:credBlob: true, webauthn:extension:largeBlob: true, webauthn:extension:minPinLength: true, webauthn:extension:prf: true, webauthn:virtualAuthenticators: true}
Session ID: 7edfafedceb1669c699576f865c702ca
[ERROR] 31-08-2024 17:56:22 [TestNG-test=sample test1-11] LogUtils - ❌ Test case testGetHistorySearch Failed
[ERROR] 31-08-2024 17:56:22 [TestNG-test=sample test1-11] LogUtils - org.openqa.selenium.NoSuchWindowException: no such window: target window already closed
from unknown error: web view not found
  (Session info: chrome=128.0.6613.86)
Build info: version: '4.23.1', revision: '656257d8e9'
System info: os.name: 'Windows 10', os.arch: 'amd64', os.version: '10.0', java.version: '20.0.2'
Driver info: org.openqa.selenium.chrome.ChromeDriver
Command: [7edfafedceb1669c699576f865c702ca, screenshot {}]
Capabilities {acceptInsecureCerts: false, browserName: chrome, browserVersion: 128.0.6613.86, chrome: {chromedriverVersion: 128.0.6613.86 (3045ed680fda..., userDataDir: C:\Users\PHUONG~1\AppData\L...}, fedcm:accounts: true, goog:chromeOptions: {debuggerAddress: localhost:56575}, networkConnectionEnabled: false, pageLoadStrategy: normal, platformName: windows, proxy: Proxy(), se:cdp: ws://localhost:56575/devtoo..., se:cdpVersion: 128.0.6613.86, setWindowRect: true, strictFileInteractability: false, timeouts: {implicit: 0, pageLoad: 300000, script: 30000}, unhandledPromptBehavior: dismiss and notify, webauthn:extension:credBlob: true, webauthn:extension:largeBlob: true, webauthn:extension:minPinLength: true, webauthn:extension:prf: true, webauthn:virtualAuthenticators: true}
Session ID: 7edfafedceb1669c699576f865c702ca
[INFO] 31-08-2024 17:56:23 [TestNG-test=sample test1-13] LogUtils - ⭐️ Start test case testVerifySectionFinanceOverviewDisplay
[INFO] 31-08-2024 17:56:24 [TestNG-test=sample test1-12] LogUtils - ⭐️ Start test case testPopupAddnewTodoDisplay
[INFO] 31-08-2024 17:56:25 [TestNG-test=sample test1-13] LogUtils - 🌐 Open URL: https://crm.anhtester.com/admin/authentication
[ERROR] 31-08-2024 17:56:25 [TestNG-test=sample test1-13] LogUtils - ❌ Test case testVerifySectionFinanceOverviewDisplay Failed
[ERROR] 31-08-2024 17:56:25 [TestNG-test=sample test1-13] LogUtils - org.openqa.selenium.NoSuchWindowException: no such window: target window already closed
from unknown error: web view not found
  (Session info: chrome=128.0.6613.86)
Build info: version: '4.23.1', revision: '656257d8e9'
System info: os.name: 'Windows 10', os.arch: 'amd64', os.version: '10.0', java.version: '20.0.2'
Driver info: org.openqa.selenium.chrome.ChromeDriver
Command: [dfeb68b0972de0af42156f7284aaf195, executeScript {script=return document.readyState, args=[]}]
Capabilities {acceptInsecureCerts: false, browserName: chrome, browserVersion: 128.0.6613.86, chrome: {chromedriverVersion: 128.0.6613.86 (3045ed680fda..., userDataDir: C:\Users\PHUONG~1\AppData\L...}, fedcm:accounts: true, goog:chromeOptions: {debuggerAddress: localhost:56594}, networkConnectionEnabled: false, pageLoadStrategy: normal, platformName: windows, proxy: Proxy(), se:cdp: ws://localhost:56594/devtoo..., se:cdpVersion: 128.0.6613.86, setWindowRect: true, strictFileInteractability: false, timeouts: {implicit: 0, pageLoad: 300000, script: 30000}, unhandledPromptBehavior: dismiss and notify, webauthn:extension:credBlob: true, webauthn:extension:largeBlob: true, webauthn:extension:minPinLength: true, webauthn:extension:prf: true, webauthn:virtualAuthenticators: true}
Session ID: dfeb68b0972de0af42156f7284aaf195
[ERROR] 31-08-2024 17:56:25 [TestNG-test=sample test1-13] LogUtils - ❌ Test case testVerifySectionFinanceOverviewDisplay Failed
[ERROR] 31-08-2024 17:56:25 [TestNG-test=sample test1-13] LogUtils - org.openqa.selenium.NoSuchWindowException: no such window: target window already closed
from unknown error: web view not found
  (Session info: chrome=128.0.6613.86)
Build info: version: '4.23.1', revision: '656257d8e9'
System info: os.name: 'Windows 10', os.arch: 'amd64', os.version: '10.0', java.version: '20.0.2'
Driver info: org.openqa.selenium.chrome.ChromeDriver
Command: [dfeb68b0972de0af42156f7284aaf195, screenshot {}]
Capabilities {acceptInsecureCerts: false, browserName: chrome, browserVersion: 128.0.6613.86, chrome: {chromedriverVersion: 128.0.6613.86 (3045ed680fda..., userDataDir: C:\Users\PHUONG~1\AppData\L...}, fedcm:accounts: true, goog:chromeOptions: {debuggerAddress: localhost:56594}, networkConnectionEnabled: false, pageLoadStrategy: normal, platformName: windows, proxy: Proxy(), se:cdp: ws://localhost:56594/devtoo..., se:cdpVersion: 128.0.6613.86, setWindowRect: true, strictFileInteractability: false, timeouts: {implicit: 0, pageLoad: 300000, script: 30000}, unhandledPromptBehavior: dismiss and notify, webauthn:extension:credBlob: true, webauthn:extension:largeBlob: true, webauthn:extension:minPinLength: true, webauthn:extension:prf: true, webauthn:virtualAuthenticators: true}
Session ID: dfeb68b0972de0af42156f7284aaf195
[INFO] 31-08-2024 17:56:26 [TestNG-test=sample test1-14] LogUtils - ⭐️ Start test case testVerifySectionLatestProjectActivityDisplay
[INFO] 31-08-2024 17:56:27 [TestNG-test=sample test1-12] LogUtils - 🌐 Open URL: https://crm.anhtester.com/admin/authentication
[ERROR] 31-08-2024 17:56:27 [TestNG-test=sample test1-12] LogUtils - ❌ Test case testPopupAddnewTodoDisplay Failed
[ERROR] 31-08-2024 17:56:27 [TestNG-test=sample test1-12] LogUtils - org.openqa.selenium.NoSuchWindowException: no such window: target window already closed
from unknown error: web view not found
  (Session info: chrome=128.0.6613.86)
Build info: version: '4.23.1', revision: '656257d8e9'
System info: os.name: 'Windows 10', os.arch: 'amd64', os.version: '10.0', java.version: '20.0.2'
Driver info: org.openqa.selenium.chrome.ChromeDriver
Command: [bedd108460b9f13099bf747e65ec167b, executeScript {script=return document.readyState, args=[]}]
Capabilities {acceptInsecureCerts: false, browserName: chrome, browserVersion: 128.0.6613.86, chrome: {chromedriverVersion: 128.0.6613.86 (3045ed680fda..., userDataDir: C:\Users\PHUONG~1\AppData\L...}, fedcm:accounts: true, goog:chromeOptions: {debuggerAddress: localhost:56608}, networkConnectionEnabled: false, pageLoadStrategy: normal, platformName: windows, proxy: Proxy(), se:cdp: ws://localhost:56608/devtoo..., se:cdpVersion: 128.0.6613.86, setWindowRect: true, strictFileInteractability: false, timeouts: {implicit: 0, pageLoad: 300000, script: 30000}, unhandledPromptBehavior: dismiss and notify, webauthn:extension:credBlob: true, webauthn:extension:largeBlob: true, webauthn:extension:minPinLength: true, webauthn:extension:prf: true, webauthn:virtualAuthenticators: true}
Session ID: bedd108460b9f13099bf747e65ec167b
[ERROR] 31-08-2024 17:56:27 [TestNG-test=sample test1-12] LogUtils - ❌ Test case testPopupAddnewTodoDisplay Failed
[ERROR] 31-08-2024 17:56:27 [TestNG-test=sample test1-12] LogUtils - org.openqa.selenium.NoSuchWindowException: no such window: target window already closed
from unknown error: web view not found
  (Session info: chrome=128.0.6613.86)
Build info: version: '4.23.1', revision: '656257d8e9'
System info: os.name: 'Windows 10', os.arch: 'amd64', os.version: '10.0', java.version: '20.0.2'
Driver info: org.openqa.selenium.chrome.ChromeDriver
Command: [bedd108460b9f13099bf747e65ec167b, screenshot {}]
Capabilities {acceptInsecureCerts: false, browserName: chrome, browserVersion: 128.0.6613.86, chrome: {chromedriverVersion: 128.0.6613.86 (3045ed680fda..., userDataDir: C:\Users\PHUONG~1\AppData\L...}, fedcm:accounts: true, goog:chromeOptions: {debuggerAddress: localhost:56608}, networkConnectionEnabled: false, pageLoadStrategy: normal, platformName: windows, proxy: Proxy(), se:cdp: ws://localhost:56608/devtoo..., se:cdpVersion: 128.0.6613.86, setWindowRect: true, strictFileInteractability: false, timeouts: {implicit: 0, pageLoad: 300000, script: 30000}, unhandledPromptBehavior: dismiss and notify, webauthn:extension:credBlob: true, webauthn:extension:largeBlob: true, webauthn:extension:minPinLength: true, webauthn:extension:prf: true, webauthn:virtualAuthenticators: true}
Session ID: bedd108460b9f13099bf747e65ec167b
[INFO] 31-08-2024 17:56:29 [TestNG-test=sample test1-14] LogUtils - 🌐 Open URL: https://crm.anhtester.com/admin/authentication
[ERROR] 31-08-2024 17:56:29 [TestNG-test=sample test1-14] LogUtils - ❌ Test case testVerifySectionLatestProjectActivityDisplay Failed
[ERROR] 31-08-2024 17:56:29 [TestNG-test=sample test1-14] LogUtils - org.openqa.selenium.NoSuchWindowException: no such window: target window already closed
from unknown error: web view not found
  (Session info: chrome=128.0.6613.86)
Build info: version: '4.23.1', revision: '656257d8e9'
System info: os.name: 'Windows 10', os.arch: 'amd64', os.version: '10.0', java.version: '20.0.2'
Driver info: org.openqa.selenium.chrome.ChromeDriver
Command: [258a3d14bdeca89c1b50a4d72c77eefb, executeScript {script=return document.readyState, args=[]}]
Capabilities {acceptInsecureCerts: false, browserName: chrome, browserVersion: 128.0.6613.86, chrome: {chromedriverVersion: 128.0.6613.86 (3045ed680fda..., userDataDir: C:\Users\PHUONG~1\AppData\L...}, fedcm:accounts: true, goog:chromeOptions: {debuggerAddress: localhost:56611}, networkConnectionEnabled: false, pageLoadStrategy: normal, platformName: windows, proxy: Proxy(), se:cdp: ws://localhost:56611/devtoo..., se:cdpVersion: 128.0.6613.86, setWindowRect: true, strictFileInteractability: false, timeouts: {implicit: 0, pageLoad: 300000, script: 30000}, unhandledPromptBehavior: dismiss and notify, webauthn:extension:credBlob: true, webauthn:extension:largeBlob: true, webauthn:extension:minPinLength: true, webauthn:extension:prf: true, webauthn:virtualAuthenticators: true}
Session ID: 258a3d14bdeca89c1b50a4d72c77eefb
[ERROR] 31-08-2024 17:56:29 [TestNG-test=sample test1-14] LogUtils - ❌ Test case testVerifySectionLatestProjectActivityDisplay Failed
[ERROR] 31-08-2024 17:56:29 [TestNG-test=sample test1-14] LogUtils - org.openqa.selenium.NoSuchWindowException: no such window: target window already closed
from unknown error: web view not found
  (Session info: chrome=128.0.6613.86)
Build info: version: '4.23.1', revision: '656257d8e9'
System info: os.name: 'Windows 10', os.arch: 'amd64', os.version: '10.0', java.version: '20.0.2'
Driver info: org.openqa.selenium.chrome.ChromeDriver
Command: [258a3d14bdeca89c1b50a4d72c77eefb, screenshot {}]
Capabilities {acceptInsecureCerts: false, browserName: chrome, browserVersion: 128.0.6613.86, chrome: {chromedriverVersion: 128.0.6613.86 (3045ed680fda..., userDataDir: C:\Users\PHUONG~1\AppData\L...}, fedcm:accounts: true, goog:chromeOptions: {debuggerAddress: localhost:56611}, networkConnectionEnabled: false, pageLoadStrategy: normal, platformName: windows, proxy: Proxy(), se:cdp: ws://localhost:56611/devtoo..., se:cdpVersion: 128.0.6613.86, setWindowRect: true, strictFileInteractability: false, timeouts: {implicit: 0, pageLoad: 300000, script: 30000}, unhandledPromptBehavior: dismiss and notify, webauthn:extension:credBlob: true, webauthn:extension:largeBlob: true, webauthn:extension:minPinLength: true, webauthn:extension:prf: true, webauthn:virtualAuthenticators: true}
Session ID: 258a3d14bdeca89c1b50a4d72c77eefb
[INFO] 31-08-2024 17:56:32 [TestNG-test=sample test1-16] LogUtils - ⭐️ Start test case verifyListTodoExitsTotoAdd
[INFO] 31-08-2024 17:56:35 [TestNG-test=sample test1-16] LogUtils - 🌐 Open URL: https://crm.anhtester.com/admin/authentication
[ERROR] 31-08-2024 17:56:35 [TestNG-test=sample test1-16] LogUtils - ❌ Test case verifyListTodoExitsTotoAdd Failed
[ERROR] 31-08-2024 17:56:35 [TestNG-test=sample test1-16] LogUtils - org.openqa.selenium.NoSuchWindowException: no such window: target window already closed
from unknown error: web view not found
  (Session info: chrome=128.0.6613.86)
Build info: version: '4.23.1', revision: '656257d8e9'
System info: os.name: 'Windows 10', os.arch: 'amd64', os.version: '10.0', java.version: '20.0.2'
Driver info: org.openqa.selenium.chrome.ChromeDriver
Command: [9026f6b90574e3baea231503965b1b3d, executeScript {script=return document.readyState, args=[]}]
Capabilities {acceptInsecureCerts: false, browserName: chrome, browserVersion: 128.0.6613.86, chrome: {chromedriverVersion: 128.0.6613.86 (3045ed680fda..., userDataDir: C:\Users\PHUONG~1\AppData\L...}, fedcm:accounts: true, goog:chromeOptions: {debuggerAddress: localhost:56635}, networkConnectionEnabled: false, pageLoadStrategy: normal, platformName: windows, proxy: Proxy(), se:cdp: ws://localhost:56635/devtoo..., se:cdpVersion: 128.0.6613.86, setWindowRect: true, strictFileInteractability: false, timeouts: {implicit: 0, pageLoad: 300000, script: 30000}, unhandledPromptBehavior: dismiss and notify, webauthn:extension:credBlob: true, webauthn:extension:largeBlob: true, webauthn:extension:minPinLength: true, webauthn:extension:prf: true, webauthn:virtualAuthenticators: true}
Session ID: 9026f6b90574e3baea231503965b1b3d
[ERROR] 31-08-2024 17:56:35 [TestNG-test=sample test1-16] LogUtils - ❌ Test case verifyListTodoExitsTotoAdd Failed
[ERROR] 31-08-2024 17:56:35 [TestNG-test=sample test1-16] LogUtils - org.openqa.selenium.NoSuchWindowException: no such window: target window already closed
from unknown error: web view not found
  (Session info: chrome=128.0.6613.86)
Build info: version: '4.23.1', revision: '656257d8e9'
System info: os.name: 'Windows 10', os.arch: 'amd64', os.version: '10.0', java.version: '20.0.2'
Driver info: org.openqa.selenium.chrome.ChromeDriver
Command: [9026f6b90574e3baea231503965b1b3d, screenshot {}]
Capabilities {acceptInsecureCerts: false, browserName: chrome, browserVersion: 128.0.6613.86, chrome: {chromedriverVersion: 128.0.6613.86 (3045ed680fda..., userDataDir: C:\Users\PHUONG~1\AppData\L...}, fedcm:accounts: true, goog:chromeOptions: {debuggerAddress: localhost:56635}, networkConnectionEnabled: false, pageLoadStrategy: normal, platformName: windows, proxy: Proxy(), se:cdp: ws://localhost:56635/devtoo..., se:cdpVersion: 128.0.6613.86, setWindowRect: true, strictFileInteractability: false, timeouts: {implicit: 0, pageLoad: 300000, script: 30000}, unhandledPromptBehavior: dismiss and notify, webauthn:extension:credBlob: true, webauthn:extension:largeBlob: true, webauthn:extension:minPinLength: true, webauthn:extension:prf: true, webauthn:virtualAuthenticators: true}
Session ID: 9026f6b90574e3baea231503965b1b3d
[INFO] 31-08-2024 17:56:39 [TestNG-test=sample test1-15] LogUtils - ⭐️ Start test case testVerifySectionQuickStatisticsDisplay
[INFO] 31-08-2024 17:56:43 [TestNG-test=sample test1-15] LogUtils - 🌐 Open URL: https://crm.anhtester.com/admin/authentication
[INFO] 31-08-2024 17:56:45 [TestNG-test=sample test1-15] LogUtils - Get Element: By.xpath: //input[@id='email']
[INFO] 31-08-2024 17:56:45 [TestNG-test=sample test1-15] LogUtils - 🟢 Set text: admin@example.com on element By.xpath: //input[@id='email']
[INFO] 31-08-2024 17:56:46 [TestNG-test=sample test1-15] LogUtils - Get Element: By.xpath: //input[@id='password']
[INFO] 31-08-2024 17:56:47 [TestNG-test=sample test1-15] LogUtils - 🟢 Set text: 123456 on element By.xpath: //input[@id='password']
[INFO] 31-08-2024 17:56:47 [TestNG-test=sample test1-15] LogUtils - Get Element: By.xpath: //button[normalize-space()='Login']
[INFO] 31-08-2024 17:56:48 [TestNG-test=sample test1-15] LogUtils - Get Element: By.xpath: //button[normalize-space()='Login']
[INFO] 31-08-2024 17:56:54 [TestNG-test=sample test1-15] LogUtils - 🟢 Click element: By.xpath: //button[normalize-space()='Login']
[INFO] 31-08-2024 17:56:54 [TestNG-test=sample test1-15] LogUtils - Get Element: By.xpath: //span[normalize-space()='Dashboard']
[INFO] 31-08-2024 17:56:55 [TestNG-test=sample test1-15] LogUtils - Get Element: By.xpath: //span[normalize-space()='Dashboard']
[INFO] 31-08-2024 17:56:58 [TestNG-test=sample test1-15] LogUtils - 🟢 Click element: By.xpath: //span[normalize-space()='Dashboard']
[INFO] 31-08-2024 17:56:58 [TestNG-test=sample test1-15] LogUtils - Get Element: By.xpath: //span[normalize-space()='Dashboard']
[INFO] 31-08-2024 17:57:00 [TestNG-test=sample test1-15] LogUtils - Get Element: By.xpath: //span[normalize-space()='Dashboard']
[INFO] 31-08-2024 17:57:03 [TestNG-test=sample test1-15] LogUtils - 🟢 Click element: By.xpath: //span[normalize-space()='Dashboard']
[INFO] 31-08-2024 17:57:03 [TestNG-test=sample test1-15] LogUtils - Get Element: By.xpath: //div[normalize-space()='Dashboard Options']
[INFO] 31-08-2024 17:57:07 [TestNG-test=sample test1-15] LogUtils - Get Element: By.xpath: //div[normalize-space()='Dashboard Options']
[INFO] 31-08-2024 17:57:07 [TestNG-test=sample test1-15] LogUtils - 🟢 Click element: By.xpath: //div[normalize-space()='Dashboard Options']
[INFO] 31-08-2024 17:57:08 [TestNG-test=sample test1-15] LogUtils - Get Element: By.xpath: //input[@id='widget_option_top_stats']
[INFO] 31-08-2024 17:57:08 [TestNG-test=sample test1-15] LogUtils - Get Element: By.xpath: //div[@id='widget-top_stats']
[INFO] 31-08-2024 17:57:08 [TestNG-test=sample test1-15] LogUtils - Get Element: By.xpath: //input[@id='widget_option_top_stats']
[ERROR] 31-08-2024 17:57:18 [TestNG-test=sample test1-15] LogUtils - Timeout waiting for the element ready to click. By.xpath: //input[@id='widget_option_top_stats']
[ERROR] 31-08-2024 17:57:18 [TestNG-test=sample test1-15] LogUtils - ❌ Test case testVerifySectionQuickStatisticsDisplay Failed
[ERROR] 31-08-2024 17:57:18 [TestNG-test=sample test1-15] LogUtils - java.lang.AssertionError: Timeout waiting for the element ready to click. By.xpath: //input[@id='widget_option_top_stats']
[INFO] 31-08-2024 17:57:19 [TestNG-test=sample test1-15] LogUtils - Screenshot success !!
[INFO] 31-08-2024 17:57:21 [TestNG-test=sample test1-15] LogUtils - Record success !!
[INFO] 31-08-2024 17:57:21 [TestNG-tests-1] LogUtils - ⭐️ ***** END FINISHED Sat Aug 31 17:57:21 ICT 2024 *****
[INFO] 31-08-2024 21:38:45 [main] LogUtils - ⭐️ ***** START TESTINGSat Aug 31 21:38:43 ICT 2024 *****
[INFO] 31-08-2024 21:38:45 [main] LogUtils - Load all properties{BROWERS=chrome, SCREENSHOT_STEP_FAIL=true, RECORD_VIDEO=true, SCREENSHOT_PATH=./screenshots/, EMAIL=admin@example.com, URL=https://crm.anhtester.com/admin/authentication, PAGE_LOAD_TIMEOUT=40, STEP_TIME=1, SCREENSHOT_STEP_PASS=false, RECORD_VIDEO_PATH=./videos/, PASSWORD=123456, SCREENSHOT_STEP_ALL=false, EXPLICIT_WAIT_TIMEOUT=10}
[INFO] 31-08-2024 21:38:49 [main] LogUtils - ⭐️ Start test case testLoginSuccessNocheckRememberMe
[INFO] 31-08-2024 21:38:54 [main] LogUtils - 🌐 Open URL: https://crm.anhtester.com/admin/authentication
[INFO] 31-08-2024 21:38:55 [main] LogUtils - Get Element: By.xpath: //input[@id='email']
[INFO] 31-08-2024 21:38:55 [main] LogUtils - 🟢 Set text: admin@example.com on element By.xpath: //input[@id='email']
[INFO] 31-08-2024 21:38:56 [main] LogUtils - Get Element: By.xpath: //input[@id='password']
[INFO] 31-08-2024 21:38:56 [main] LogUtils - 🟢 Set text: 123456 on element By.xpath: //input[@id='password']
[INFO] 31-08-2024 21:38:56 [main] LogUtils - Get Element: By.xpath: //button[normalize-space()='Login']
[INFO] 31-08-2024 21:38:57 [main] LogUtils - Get Element: By.xpath: //button[normalize-space()='Login']
[INFO] 31-08-2024 21:39:00 [main] LogUtils - 🟢 Click element: By.xpath: //button[normalize-space()='Login']
[INFO] 31-08-2024 21:39:00 [main] LogUtils - Get list element: By.xpath: //span[normalize-space()='Dashboard']
[INFO] 31-08-2024 21:39:00 [main] LogUtils - ✅ Check Element Exist: true ---> By.xpath: //span[normalize-space()='Dashboard']
[INFO] 31-08-2024 21:39:00 [main] LogUtils - https://crm.anhtester.com/admin/
[INFO] 31-08-2024 21:39:00 [main] LogUtils - ✅ Test case testLoginSuccessNocheckRememberMe succesed
[INFO] 31-08-2024 21:39:00 [main] LogUtils - Record success !!
[INFO] 31-08-2024 21:39:00 [main] LogUtils - ⭐️ ***** END FINISHED Sat Aug 31 21:39:00 ICT 2024 *****
[INFO] 31-08-2024 21:44:27 [TestNG-tests-2] LogUtils - ⭐️ ***** START TESTINGSat Aug 31 21:44:25 ICT 2024 *****
[INFO] 31-08-2024 21:44:27 [TestNG-tests-1] LogUtils - ⭐️ ***** START TESTINGSat Aug 31 21:44:25 ICT 2024 *****
[INFO] 31-08-2024 21:44:27 [TestNG-tests-2] LogUtils - Load all properties{BROWERS=chrome, SCREENSHOT_STEP_FAIL=true, RECORD_VIDEO=true, SCREENSHOT_PATH=./screenshots/, EMAIL=admin@example.com, URL=https://crm.anhtester.com/admin/authentication, PAGE_LOAD_TIMEOUT=40, STEP_TIME=1, SCREENSHOT_STEP_PASS=false, RECORD_VIDEO_PATH=./videos/, PASSWORD=123456, SCREENSHOT_STEP_ALL=false, EXPLICIT_WAIT_TIMEOUT=10}
[INFO] 31-08-2024 21:44:27 [TestNG-tests-1] LogUtils - Load all properties{BROWERS=chrome, SCREENSHOT_STEP_FAIL=true, RECORD_VIDEO=true, SCREENSHOT_PATH=./screenshots/, EMAIL=admin@example.com, URL=https://crm.anhtester.com/admin/authentication, PAGE_LOAD_TIMEOUT=40, STEP_TIME=1, SCREENSHOT_STEP_PASS=false, RECORD_VIDEO_PATH=./videos/, PASSWORD=123456, SCREENSHOT_STEP_ALL=false, EXPLICIT_WAIT_TIMEOUT=10}
[INFO] 31-08-2024 21:44:31 [TestNG-test=sample test2-1] LogUtils - ⭐️ Start test case testClickMenuProject
[INFO] 31-08-2024 21:44:31 [TestNG-test=sample test1-5] LogUtils - ⭐️ Start test case testClicMarkAllAsRead
[INFO] 31-08-2024 21:44:31 [TestNG-test=sample test1-4] LogUtils - ⭐️ Start test case testCheckTotalSectionStatistics
[INFO] 31-08-2024 21:44:31 [TestNG-test=sample test1-3] LogUtils - ⭐️ Start test case testCheckTotalSectionMyToDoItems
[INFO] 31-08-2024 21:44:31 [TestNG-test=sample test1-1] LogUtils - ⭐️ Start test case testAddnewTodoWithBlankDesscription
[INFO] 31-08-2024 21:44:31 [TestNG-test=sample test1-2] LogUtils - ⭐️ Start test case testAddnewTodoWithDesscription
[INFO] 31-08-2024 21:44:35 [TestNG-test=sample test1-3] LogUtils - 🌐 Open URL: https://crm.anhtester.com/admin/authentication
[INFO] 31-08-2024 21:44:35 [TestNG-test=sample test1-5] LogUtils - 🌐 Open URL: https://crm.anhtester.com/admin/authentication
[INFO] 31-08-2024 21:44:36 [TestNG-test=sample test1-3] LogUtils - Get Element: By.xpath: //input[@id='email']
[INFO] 31-08-2024 21:44:36 [TestNG-test=sample test1-3] LogUtils - 🟢 Set text: admin@example.com on element By.xpath: //input[@id='email']
[INFO] 31-08-2024 21:44:36 [TestNG-test=sample test1-4] LogUtils - 🌐 Open URL: https://crm.anhtester.com/admin/authentication
[INFO] 31-08-2024 21:44:36 [TestNG-test=sample test1-2] LogUtils - 🌐 Open URL: https://crm.anhtester.com/admin/authentication
[INFO] 31-08-2024 21:44:36 [TestNG-test=sample test1-1] LogUtils - 🌐 Open URL: https://crm.anhtester.com/admin/authentication
[INFO] 31-08-2024 21:44:36 [TestNG-test=sample test1-5] LogUtils - Get Element: By.xpath: //input[@id='email']
[INFO] 31-08-2024 21:44:37 [TestNG-test=sample test1-5] LogUtils - 🟢 Set text: admin@example.com on element By.xpath: //input[@id='email']
[INFO] 31-08-2024 21:44:37 [TestNG-test=sample test1-3] LogUtils - Get Element: By.xpath: //input[@id='password']
[INFO] 31-08-2024 21:44:37 [TestNG-test=sample test1-4] LogUtils - Get Element: By.xpath: //input[@id='email']
[INFO] 31-08-2024 21:44:37 [TestNG-test=sample test1-2] LogUtils - Get Element: By.xpath: //input[@id='email']
[INFO] 31-08-2024 21:44:37 [TestNG-test=sample test1-3] LogUtils - 🟢 Set text: 123456 on element By.xpath: //input[@id='password']
[INFO] 31-08-2024 21:44:37 [TestNG-test=sample test1-3] LogUtils - Get Element: By.xpath: //button[normalize-space()='Login']
[INFO] 31-08-2024 21:44:37 [TestNG-test=sample test1-1] LogUtils - Get Element: By.xpath: //input[@id='email']
[INFO] 31-08-2024 21:44:37 [TestNG-test=sample test1-4] LogUtils - 🟢 Set text: admin@example.com on element By.xpath: //input[@id='email']
[INFO] 31-08-2024 21:44:38 [TestNG-test=sample test1-2] LogUtils - 🟢 Set text: admin@example.com on element By.xpath: //input[@id='email']
[INFO] 31-08-2024 21:44:38 [TestNG-test=sample test1-1] LogUtils - 🟢 Set text: admin@example.com on element By.xpath: //input[@id='email']
[INFO] 31-08-2024 21:44:38 [TestNG-test=sample test1-5] LogUtils - Get Element: By.xpath: //input[@id='password']
[INFO] 31-08-2024 21:44:38 [TestNG-test=sample test1-5] LogUtils - 🟢 Set text: 123456 on element By.xpath: //input[@id='password']
[INFO] 31-08-2024 21:44:38 [TestNG-test=sample test1-5] LogUtils - Get Element: By.xpath: //button[normalize-space()='Login']
[INFO] 31-08-2024 21:44:38 [TestNG-test=sample test1-4] LogUtils - Get Element: By.xpath: //input[@id='password']
[INFO] 31-08-2024 21:44:38 [TestNG-test=sample test2-1] LogUtils - 🌐 Open URL: https://crm.anhtester.com/admin/authentication
[INFO] 31-08-2024 21:44:38 [TestNG-test=sample test1-3] LogUtils - Get Element: By.xpath: //button[normalize-space()='Login']
[INFO] 31-08-2024 21:44:39 [TestNG-test=sample test1-2] LogUtils - Get Element: By.xpath: //input[@id='password']
[INFO] 31-08-2024 21:44:39 [TestNG-test=sample test1-1] LogUtils - Get Element: By.xpath: //input[@id='password']
[INFO] 31-08-2024 21:44:39 [TestNG-test=sample test1-5] LogUtils - Get Element: By.xpath: //button[normalize-space()='Login']
[INFO] 31-08-2024 21:44:39 [TestNG-test=sample test1-4] LogUtils - 🟢 Set text: 123456 on element By.xpath: //input[@id='password']
[INFO] 31-08-2024 21:44:39 [TestNG-test=sample test1-4] LogUtils - Get Element: By.xpath: //button[normalize-space()='Login']
[INFO] 31-08-2024 21:44:39 [TestNG-test=sample test1-2] LogUtils - 🟢 Set text: 123456 on element By.xpath: //input[@id='password']
[INFO] 31-08-2024 21:44:39 [TestNG-test=sample test1-2] LogUtils - Get Element: By.xpath: //button[normalize-space()='Login']
[INFO] 31-08-2024 21:44:39 [TestNG-test=sample test1-1] LogUtils - 🟢 Set text: 123456 on element By.xpath: //input[@id='password']
[INFO] 31-08-2024 21:44:39 [TestNG-test=sample test1-1] LogUtils - Get Element: By.xpath: //button[normalize-space()='Login']
[INFO] 31-08-2024 21:44:40 [TestNG-test=sample test2-1] LogUtils - Get Element: By.xpath: //input[@id='email']
[INFO] 31-08-2024 21:44:40 [TestNG-test=sample test1-2] LogUtils - Get Element: By.xpath: //button[normalize-space()='Login']
[INFO] 31-08-2024 21:44:40 [TestNG-test=sample test1-4] LogUtils - Get Element: By.xpath: //button[normalize-space()='Login']
[INFO] 31-08-2024 21:44:40 [TestNG-test=sample test1-1] LogUtils - Get Element: By.xpath: //button[normalize-space()='Login']
[INFO] 31-08-2024 21:44:40 [TestNG-test=sample test2-1] LogUtils - 🟢 Set text: admin@example.com on element By.xpath: //input[@id='email']
[INFO] 31-08-2024 21:44:41 [TestNG-test=sample test2-1] LogUtils - Get Element: By.xpath: //input[@id='password']
[INFO] 31-08-2024 21:44:42 [TestNG-test=sample test2-1] LogUtils - 🟢 Set text: 123456 on element By.xpath: //input[@id='password']
[INFO] 31-08-2024 21:44:42 [TestNG-test=sample test2-1] LogUtils - Get Element: By.xpath: //button[normalize-space()='Login']
[INFO] 31-08-2024 21:44:43 [TestNG-test=sample test2-1] LogUtils - Get Element: By.xpath: //button[normalize-space()='Login']
[INFO] 31-08-2024 21:44:45 [TestNG-test=sample test1-3] LogUtils - 🟢 Click element: By.xpath: //button[normalize-space()='Login']
[INFO] 31-08-2024 21:44:45 [TestNG-test=sample test1-3] LogUtils - Get Element: By.xpath: //span[normalize-space()='Dashboard']
[INFO] 31-08-2024 21:44:46 [TestNG-test=sample test1-3] LogUtils - Get Element: By.xpath: //span[normalize-space()='Dashboard']
[INFO] 31-08-2024 21:44:47 [TestNG-test=sample test1-5] LogUtils - 🟢 Click element: By.xpath: //button[normalize-space()='Login']
[INFO] 31-08-2024 21:44:47 [TestNG-test=sample test1-5] LogUtils - Get Element: By.xpath: //a[contains(@class,'notifications-icon')]
[INFO] 31-08-2024 21:44:47 [TestNG-test=sample test1-2] LogUtils - 🟢 Click element: By.xpath: //button[normalize-space()='Login']
[INFO] 31-08-2024 21:44:47 [TestNG-test=sample test1-2] LogUtils - Get Element: By.xpath: //li[@class='icon header-todo']//a//span
[INFO] 31-08-2024 21:44:48 [TestNG-test=sample test1-3] LogUtils - 🟢 Click element: By.xpath: //span[normalize-space()='Dashboard']
[INFO] 31-08-2024 21:44:48 [TestNG-test=sample test1-3] LogUtils - Get Element: By.xpath: //span[normalize-space()='Dashboard']
[INFO] 31-08-2024 21:44:50 [TestNG-test=sample test1-5] LogUtils - Get Element: By.xpath: //a[contains(@class,'notifications-icon')]
[INFO] 31-08-2024 21:44:50 [TestNG-test=sample test1-3] LogUtils - Get Element: By.xpath: //span[normalize-space()='Dashboard']
[INFO] 31-08-2024 21:44:50 [TestNG-test=sample test1-1] LogUtils - 🟢 Click element: By.xpath: //button[normalize-space()='Login']
[INFO] 31-08-2024 21:44:50 [TestNG-test=sample test1-1] LogUtils - Get Element: By.xpath: //li[@class='icon header-todo']//a//span
[INFO] 31-08-2024 21:44:50 [TestNG-test=sample test1-5] LogUtils - 🟢 Click element: By.xpath: //a[contains(@class,'notifications-icon')]
[INFO] 31-08-2024 21:44:50 [TestNG-test=sample test1-5] LogUtils - Get Element: By.xpath: //ul[@class='dropdown-menu notifications animated fadeIn width400 tw-pb-0']
[INFO] 31-08-2024 21:44:50 [TestNG-test=sample test2-1] LogUtils - 🟢 Click element: By.xpath: //button[normalize-space()='Login']
[INFO] 31-08-2024 21:44:50 [TestNG-test=sample test2-1] LogUtils - Get Element: By.xpath: //span[normalize-space()='Projects']
[INFO] 31-08-2024 21:44:51 [TestNG-test=sample test1-5] LogUtils - Get Element: By.xpath: //a[normalize-space()='Mark all as read']
[INFO] 31-08-2024 21:44:51 [TestNG-test=sample test1-3] LogUtils - 🟢 Click element: By.xpath: //span[normalize-space()='Dashboard']
[INFO] 31-08-2024 21:44:51 [TestNG-test=sample test1-3] LogUtils - Get Element: By.xpath: //div[normalize-space()='Dashboard Options']
[INFO] 31-08-2024 21:44:52 [TestNG-test=sample test1-4] LogUtils - 🟢 Click element: By.xpath: //button[normalize-space()='Login']
[INFO] 31-08-2024 21:44:52 [TestNG-test=sample test1-4] LogUtils - Get list element: By.xpath: (//span[normalize-space()='Invoices Awaiting Payment']/parent::div)/following-sibling::span
[INFO] 31-08-2024 21:44:52 [TestNG-test=sample test2-1] LogUtils - Get Element: By.xpath: //span[normalize-space()='Projects']
[INFO] 31-08-2024 21:44:52 [TestNG-test=sample test1-4] LogUtils - ✅ Check Element Exist: true ---> By.xpath: (//span[normalize-space()='Invoices Awaiting Payment']/parent::div)/following-sibling::span
[INFO] 31-08-2024 21:44:52 [TestNG-test=sample test1-4] LogUtils - Get Element: By.xpath: (//span[normalize-space()='Invoices Awaiting Payment']/parent::div)/following-sibling::span
[INFO] 31-08-2024 21:44:52 [TestNG-test=sample test1-5] LogUtils - Get Element: By.xpath: //a[normalize-space()='Mark all as read']
[ERROR] 31-08-2024 21:44:52 [TestNG-test=sample test1-4] LogUtils - ❌ Test case testCheckTotalSectionStatistics Failed
[ERROR] 31-08-2024 21:44:52 [TestNG-test=sample test1-4] LogUtils - java.lang.AssertionError: FAIL. Invoices Awaiting Payment total not match. expected [3 / 3] but found [4 / 5]
[INFO] 31-08-2024 21:44:53 [TestNG-test=sample test1-3] LogUtils - Get Element: By.xpath: //div[normalize-space()='Dashboard Options']
[INFO] 31-08-2024 21:44:53 [TestNG-test=sample test1-5] LogUtils - 🟢 Click element: By.xpath: //a[normalize-space()='Mark all as read']
[INFO] 31-08-2024 21:44:53 [TestNG-test=sample test1-5] LogUtils - Get Element: By.xpath: //a[normalize-space()='View all notifications']
[INFO] 31-08-2024 21:44:53 [TestNG-test=sample test1-4] LogUtils - Screenshot success !!
[INFO] 31-08-2024 21:44:53 [TestNG-test=sample test1-3] LogUtils - 🟢 Click element: By.xpath: //div[normalize-space()='Dashboard Options']
[INFO] 31-08-2024 21:44:53 [TestNG-test=sample test2-1] LogUtils - 🟢 Click element: By.xpath: //span[normalize-space()='Projects']
[INFO] 31-08-2024 21:44:53 [TestNG-test=sample test2-1] LogUtils - ✅ Test case testClickMenuProject succesed
[INFO] 31-08-2024 21:44:54 [TestNG-test=sample test2-1] LogUtils - Record success !!
[INFO] 31-08-2024 21:44:54 [TestNG-test=sample test1-3] LogUtils - Get Element: By.xpath: //input[@id='widget_option_todos']
[INFO] 31-08-2024 21:44:55 [TestNG-test=sample test1-5] LogUtils - Get Element: By.xpath: //a[normalize-space()='View all notifications']
[INFO] 31-08-2024 21:44:55 [TestNG-test=sample test1-3] LogUtils - Get Element: By.xpath: //input[@id='widget_option_todos']
[INFO] 31-08-2024 21:44:55 [TestNG-test=sample test1-5] LogUtils - 🟢 Click element: By.xpath: //a[normalize-space()='View all notifications']
[INFO] 31-08-2024 21:44:55 [TestNG-test=sample test1-5] LogUtils - ✅ Test case testClicMarkAllAsRead succesed
[INFO] 31-08-2024 21:44:55 [TestNG-test=sample test1-5] LogUtils - Record success !!
[INFO] 31-08-2024 21:44:56 [TestNG-test=sample test1-4] LogUtils - Record success !!
[INFO] 31-08-2024 21:44:57 [TestNG-tests-2] LogUtils - ⭐️ ***** END FINISHED Sat Aug 31 21:44:57 ICT 2024 *****
[ERROR] 31-08-2024 21:44:58 [TestNG-test=sample test1-2] LogUtils - Timeout waiting for the element ready to click. By.xpath: //li[@class='icon header-todo']//a//span
[ERROR] 31-08-2024 21:44:58 [TestNG-test=sample test1-2] LogUtils - ❌ Test case testAddnewTodoWithDesscription Failed
[ERROR] 31-08-2024 21:44:58 [TestNG-test=sample test1-2] LogUtils - java.lang.AssertionError: Timeout waiting for the element ready to click. By.xpath: //li[@class='icon header-todo']//a//span
[INFO] 31-08-2024 21:44:58 [TestNG-test=sample test1-2] LogUtils - Screenshot success !!
[INFO] 31-08-2024 21:44:59 [TestNG-test=sample test1-2] LogUtils - Record success !!
[INFO] 31-08-2024 21:45:00 [TestNG-test=sample test1-5] LogUtils - ⭐️ Start test case testClickDashboard
[INFO] 31-08-2024 21:45:00 [TestNG-test=sample test1-4] LogUtils - ⭐️ Start test case testClickClosePopupAddNewToDo
[ERROR] 31-08-2024 21:45:00 [TestNG-test=sample test1-1] LogUtils - Timeout waiting for the element ready to click. By.xpath: //li[@class='icon header-todo']//a//span
[ERROR] 31-08-2024 21:45:00 [TestNG-test=sample test1-1] LogUtils - ❌ Test case testAddnewTodoWithBlankDesscription Failed
[ERROR] 31-08-2024 21:45:00 [TestNG-test=sample test1-1] LogUtils - java.lang.AssertionError: Timeout waiting for the element ready to click. By.xpath: //li[@class='icon header-todo']//a//span
[INFO] 31-08-2024 21:45:01 [TestNG-test=sample test1-1] LogUtils - Screenshot success !!
[INFO] 31-08-2024 21:45:01 [TestNG-test=sample test1-1] LogUtils - Record success !!
[INFO] 31-08-2024 21:45:05 [TestNG-test=sample test1-5] LogUtils - 🌐 Open URL: https://crm.anhtester.com/admin/authentication
[INFO] 31-08-2024 21:45:05 [TestNG-test=sample test1-2] LogUtils - ⭐️ Start test case testClickItemClosePopupAddNewToDo
[ERROR] 31-08-2024 21:45:05 [TestNG-test=sample test1-3] LogUtils - Timeout waiting for the element ready to click. By.xpath: //input[@id='widget_option_todos']
[ERROR] 31-08-2024 21:45:05 [TestNG-test=sample test1-3] LogUtils - ❌ Test case testCheckTotalSectionMyToDoItems Failed
[ERROR] 31-08-2024 21:45:05 [TestNG-test=sample test1-3] LogUtils - java.lang.AssertionError: Timeout waiting for the element ready to click. By.xpath: //input[@id='widget_option_todos']
[INFO] 31-08-2024 21:45:05 [TestNG-test=sample test1-4] LogUtils - 🌐 Open URL: https://crm.anhtester.com/admin/authentication
[INFO] 31-08-2024 21:45:05 [TestNG-test=sample test1-3] LogUtils - Screenshot success !!
[INFO] 31-08-2024 21:45:06 [TestNG-test=sample test1-5] LogUtils - Get Element: By.xpath: //input[@id='email']
[INFO] 31-08-2024 21:45:06 [TestNG-test=sample test1-5] LogUtils - 🟢 Set text: admin@example.com on element By.xpath: //input[@id='email']
[INFO] 31-08-2024 21:45:06 [TestNG-test=sample test1-3] LogUtils - Record success !!
[INFO] 31-08-2024 21:45:06 [TestNG-test=sample test1-4] LogUtils - Get Element: By.xpath: //input[@id='email']
[INFO] 31-08-2024 21:45:06 [TestNG-test=sample test1-1] LogUtils - ⭐️ Start test case testClickNotificstion
[INFO] 31-08-2024 21:45:07 [TestNG-test=sample test1-4] LogUtils - 🟢 Set text: admin@example.com on element By.xpath: //input[@id='email']
[INFO] 31-08-2024 21:45:07 [TestNG-test=sample test1-5] LogUtils - Get Element: By.xpath: //input[@id='password']
[INFO] 31-08-2024 21:45:07 [TestNG-test=sample test1-5] LogUtils - 🟢 Set text: 123456 on element By.xpath: //input[@id='password']
[INFO] 31-08-2024 21:45:07 [TestNG-test=sample test1-5] LogUtils - Get Element: By.xpath: //button[normalize-space()='Login']
[INFO] 31-08-2024 21:45:07 [TestNG-test=sample test1-2] LogUtils - 🌐 Open URL: https://crm.anhtester.com/admin/authentication
[INFO] 31-08-2024 21:45:08 [TestNG-test=sample test1-4] LogUtils - Get Element: By.xpath: //input[@id='password']
[INFO] 31-08-2024 21:45:08 [TestNG-test=sample test1-4] LogUtils - 🟢 Set text: 123456 on element By.xpath: //input[@id='password']
[INFO] 31-08-2024 21:45:08 [TestNG-test=sample test1-4] LogUtils - Get Element: By.xpath: //button[normalize-space()='Login']
[INFO] 31-08-2024 21:45:08 [TestNG-test=sample test1-5] LogUtils - Get Element: By.xpath: //button[normalize-space()='Login']
[INFO] 31-08-2024 21:45:08 [TestNG-test=sample test1-1] LogUtils - 🌐 Open URL: https://crm.anhtester.com/admin/authentication
[INFO] 31-08-2024 21:45:08 [TestNG-test=sample test1-2] LogUtils - Get Element: By.xpath: //input[@id='email']
[INFO] 31-08-2024 21:45:08 [TestNG-test=sample test1-5] LogUtils - 🟢 Click element: By.xpath: //button[normalize-space()='Login']
[INFO] 31-08-2024 21:45:08 [TestNG-test=sample test1-5] LogUtils - Get Element: By.xpath: //span[normalize-space()='Dashboard']
[INFO] 31-08-2024 21:45:09 [TestNG-test=sample test1-4] LogUtils - Get Element: By.xpath: //button[normalize-space()='Login']
[INFO] 31-08-2024 21:45:09 [TestNG-test=sample test1-1] LogUtils - Get Element: By.xpath: //input[@id='email']
[INFO] 31-08-2024 21:45:09 [TestNG-test=sample test1-1] LogUtils - 🟢 Set text: admin@example.com on element By.xpath: //input[@id='email']
[INFO] 31-08-2024 21:45:10 [TestNG-test=sample test1-1] LogUtils - Get Element: By.xpath: //input[@id='password']
[INFO] 31-08-2024 21:45:11 [TestNG-test=sample test1-1] LogUtils - 🟢 Set text: 123456 on element By.xpath: //input[@id='password']
[INFO] 31-08-2024 21:45:11 [TestNG-test=sample test1-1] LogUtils - Get Element: By.xpath: //button[normalize-space()='Login']
[INFO] 31-08-2024 21:45:12 [TestNG-test=sample test1-1] LogUtils - Get Element: By.xpath: //button[normalize-space()='Login']
[INFO] 31-08-2024 21:45:13 [TestNG-test=sample test1-4] LogUtils - 🟢 Click element: By.xpath: //button[normalize-space()='Login']
[INFO] 31-08-2024 21:45:13 [TestNG-test=sample test1-4] LogUtils - Get Element: By.xpath: //li[@class='icon header-todo']//a//span
[INFO] 31-08-2024 21:45:13 [TestNG-test=sample test1-5] LogUtils - Get Element: By.xpath: //span[normalize-space()='Dashboard']
[INFO] 31-08-2024 21:45:14 [TestNG-test=sample test1-2] LogUtils - 🟢 Set text: admin@example.com on element By.xpath: //input[@id='email']
[INFO] 31-08-2024 21:45:15 [TestNG-test=sample test1-2] LogUtils - Get Element: By.xpath: //input[@id='password']
[INFO] 31-08-2024 21:45:15 [TestNG-test=sample test1-2] LogUtils - 🟢 Set text: 123456 on element By.xpath: //input[@id='password']
[INFO] 31-08-2024 21:45:15 [TestNG-test=sample test1-2] LogUtils - Get Element: By.xpath: //button[normalize-space()='Login']
[INFO] 31-08-2024 21:45:15 [TestNG-test=sample test1-1] LogUtils - 🟢 Click element: By.xpath: //button[normalize-space()='Login']
[INFO] 31-08-2024 21:45:15 [TestNG-test=sample test1-1] LogUtils - Get Element: By.xpath: //a[contains(@class,'notifications-icon')]
[INFO] 31-08-2024 21:45:16 [TestNG-test=sample test1-2] LogUtils - Get Element: By.xpath: //button[normalize-space()='Login']
[INFO] 31-08-2024 21:45:16 [TestNG-test=sample test1-5] LogUtils - 🟢 Click element: By.xpath: //span[normalize-space()='Dashboard']
[INFO] 31-08-2024 21:45:16 [TestNG-test=sample test1-5] LogUtils - Get Element: By.xpath: //span[normalize-space()='Dashboard']
[INFO] 31-08-2024 21:45:17 [TestNG-test=sample test1-1] LogUtils - Get Element: By.xpath: //a[contains(@class,'notifications-icon')]
[INFO] 31-08-2024 21:45:17 [TestNG-test=sample test1-1] LogUtils - 🟢 Click element: By.xpath: //a[contains(@class,'notifications-icon')]
[INFO] 31-08-2024 21:45:17 [TestNG-test=sample test1-1] LogUtils - Get Element: By.xpath: //ul[@class='dropdown-menu notifications animated fadeIn width400 tw-pb-0']
[INFO] 31-08-2024 21:45:17 [TestNG-test=sample test1-1] LogUtils - ✅ Test case testClickNotificstion succesed
[INFO] 31-08-2024 21:45:17 [TestNG-test=sample test1-3] LogUtils - ⭐️ Start test case testClickOutSitePopupAddNewTodo
[INFO] 31-08-2024 21:45:18 [TestNG-test=sample test1-5] LogUtils - Get Element: By.xpath: //span[normalize-space()='Dashboard']
[INFO] 31-08-2024 21:45:18 [TestNG-test=sample test1-1] LogUtils - Record success !!
[INFO] 31-08-2024 21:45:19 [TestNG-test=sample test1-5] LogUtils - 🟢 Click element: By.xpath: //span[normalize-space()='Dashboard']
[INFO] 31-08-2024 21:45:19 [TestNG-test=sample test1-5] LogUtils - Get Element: By.xpath: //div[normalize-space()='Dashboard Options']
[INFO] 31-08-2024 21:45:19 [TestNG-test=sample test1-3] LogUtils - 🌐 Open URL: https://crm.anhtester.com/admin/authentication
[INFO] 31-08-2024 21:45:19 [TestNG-test=sample test1-2] LogUtils - 🟢 Click element: By.xpath: //button[normalize-space()='Login']
[INFO] 31-08-2024 21:45:19 [TestNG-test=sample test1-2] LogUtils - Get Element: By.xpath: //li[@class='icon header-todo']//a//span
[INFO] 31-08-2024 21:45:20 [TestNG-test=sample test1-5] LogUtils - Get Element: By.xpath: //div[normalize-space()='Dashboard Options']
[INFO] 31-08-2024 21:45:20 [TestNG-test=sample test1-3] LogUtils - Get Element: By.xpath: //input[@id='email']
[INFO] 31-08-2024 21:45:20 [TestNG-test=sample test1-5] LogUtils - 🟢 Click element: By.xpath: //div[normalize-space()='Dashboard Options']
[INFO] 31-08-2024 21:45:20 [TestNG-test=sample test1-5] LogUtils - ✅ Test case testClickDashboard succesed
[INFO] 31-08-2024 21:45:21 [TestNG-test=sample test1-3] LogUtils - 🟢 Set text: admin@example.com on element By.xpath: //input[@id='email']
[INFO] 31-08-2024 21:45:21 [TestNG-test=sample test1-5] LogUtils - Record success !!
[INFO] 31-08-2024 21:45:22 [TestNG-test=sample test1-3] LogUtils - Get Element: By.xpath: //input[@id='password']
[INFO] 31-08-2024 21:45:22 [TestNG-test=sample test1-3] LogUtils - 🟢 Set text: 123456 on element By.xpath: //input[@id='password']
[INFO] 31-08-2024 21:45:22 [TestNG-test=sample test1-3] LogUtils - Get Element: By.xpath: //button[normalize-space()='Login']
[ERROR] 31-08-2024 21:45:23 [TestNG-test=sample test1-4] LogUtils - Timeout waiting for the element ready to click. By.xpath: //li[@class='icon header-todo']//a//span
[ERROR] 31-08-2024 21:45:23 [TestNG-test=sample test1-4] LogUtils - ❌ Test case testClickClosePopupAddNewToDo Failed
[ERROR] 31-08-2024 21:45:23 [TestNG-test=sample test1-4] LogUtils - java.lang.AssertionError: Timeout waiting for the element ready to click. By.xpath: //li[@class='icon header-todo']//a//span
[INFO] 31-08-2024 21:45:23 [TestNG-test=sample test1-3] LogUtils - Get Element: By.xpath: //button[normalize-space()='Login']
[INFO] 31-08-2024 21:45:23 [TestNG-test=sample test1-4] LogUtils - Screenshot success !!
[INFO] 31-08-2024 21:45:23 [TestNG-test=sample test1-1] LogUtils - ⭐️ Start test case testClickoptionSearch
[INFO] 31-08-2024 21:45:25 [TestNG-test=sample test1-4] LogUtils - Record success !!
[INFO] 31-08-2024 21:45:25 [TestNG-test=sample test1-5] LogUtils - ⭐️ Start test case testDeleteHistorySearch
[INFO] 31-08-2024 21:45:26 [TestNG-test=sample test1-1] LogUtils - 🌐 Open URL: https://crm.anhtester.com/admin/authentication
[INFO] 31-08-2024 21:45:27 [TestNG-test=sample test1-5] LogUtils - 🌐 Open URL: https://crm.anhtester.com/admin/authentication
[INFO] 31-08-2024 21:45:27 [TestNG-test=sample test1-1] LogUtils - Get Element: By.xpath: //input[@id='email']
[INFO] 31-08-2024 21:45:27 [TestNG-test=sample test1-1] LogUtils - 🟢 Set text: admin@example.com on element By.xpath: //input[@id='email']
[INFO] 31-08-2024 21:45:27 [TestNG-test=sample test1-3] LogUtils - 🟢 Click element: By.xpath: //button[normalize-space()='Login']
[INFO] 31-08-2024 21:45:27 [TestNG-test=sample test1-3] LogUtils - Get Element: By.xpath: //li[@class='icon header-todo']//a//span
[INFO] 31-08-2024 21:45:28 [TestNG-test=sample test1-5] LogUtils - Get Element: By.xpath: //input[@id='email']
[INFO] 31-08-2024 21:45:28 [TestNG-test=sample test1-1] LogUtils - Get Element: By.xpath: //input[@id='password']
[INFO] 31-08-2024 21:45:28 [TestNG-test=sample test1-5] LogUtils - 🟢 Set text: admin@example.com on element By.xpath: //input[@id='email']
[INFO] 31-08-2024 21:45:29 [TestNG-test=sample test1-1] LogUtils - 🟢 Set text: 123456 on element By.xpath: //input[@id='password']
[INFO] 31-08-2024 21:45:29 [TestNG-test=sample test1-1] LogUtils - Get Element: By.xpath: //button[normalize-space()='Login']
[INFO] 31-08-2024 21:45:29 [TestNG-test=sample test1-4] LogUtils - ⭐️ Start test case testGetHistorySearch
[INFO] 31-08-2024 21:45:29 [TestNG-test=sample test1-5] LogUtils - Get Element: By.xpath: //input[@id='password']
[INFO] 31-08-2024 21:45:30 [TestNG-test=sample test1-5] LogUtils - 🟢 Set text: 123456 on element By.xpath: //input[@id='password']
[INFO] 31-08-2024 21:45:30 [TestNG-test=sample test1-5] LogUtils - Get Element: By.xpath: //button[normalize-space()='Login']
[ERROR] 31-08-2024 21:45:30 [TestNG-test=sample test1-2] LogUtils - Timeout waiting for the element ready to click. By.xpath: //li[@class='icon header-todo']//a//span
[ERROR] 31-08-2024 21:45:30 [TestNG-test=sample test1-2] LogUtils - ❌ Test case testClickItemClosePopupAddNewToDo Failed
[ERROR] 31-08-2024 21:45:30 [TestNG-test=sample test1-2] LogUtils - java.lang.AssertionError: Timeout waiting for the element ready to click. By.xpath: //li[@class='icon header-todo']//a//span
[INFO] 31-08-2024 21:45:30 [TestNG-test=sample test1-1] LogUtils - Get Element: By.xpath: //button[normalize-space()='Login']
[INFO] 31-08-2024 21:45:30 [TestNG-test=sample test1-2] LogUtils - Screenshot success !!
[INFO] 31-08-2024 21:45:31 [TestNG-test=sample test1-5] LogUtils - Get Element: By.xpath: //button[normalize-space()='Login']
[INFO] 31-08-2024 21:45:31 [TestNG-test=sample test1-4] LogUtils - 🌐 Open URL: https://crm.anhtester.com/admin/authentication
[INFO] 31-08-2024 21:45:32 [TestNG-test=sample test1-2] LogUtils - Record success !!
[INFO] 31-08-2024 21:45:33 [TestNG-test=sample test1-4] LogUtils - Get Element: By.xpath: //input[@id='email']
[INFO] 31-08-2024 21:45:33 [TestNG-test=sample test1-4] LogUtils - 🟢 Set text: admin@example.com on element By.xpath: //input[@id='email']
[INFO] 31-08-2024 21:45:33 [TestNG-test=sample test1-1] LogUtils - 🟢 Click element: By.xpath: //button[normalize-space()='Login']
[INFO] 31-08-2024 21:45:34 [TestNG-test=sample test1-4] LogUtils - Get Element: By.xpath: //input[@id='password']
[INFO] 31-08-2024 21:45:34 [TestNG-test=sample test1-4] LogUtils - 🟢 Set text: 123456 on element By.xpath: //input[@id='password']
[INFO] 31-08-2024 21:45:34 [TestNG-test=sample test1-4] LogUtils - Get Element: By.xpath: //button[normalize-space()='Login']
[INFO] 31-08-2024 21:45:34 [TestNG-test=sample test1-1] LogUtils - Get Element: By.xpath: //input[@id='search_input']
[INFO] 31-08-2024 21:45:35 [TestNG-test=sample test1-1] LogUtils - 🟢 Set text: test on element By.xpath: //input[@id='search_input']
[INFO] 31-08-2024 21:45:35 [TestNG-test=sample test1-4] LogUtils - Get Element: By.xpath: //button[normalize-space()='Login']
[INFO] 31-08-2024 21:45:36 [TestNG-test=sample test1-5] LogUtils - 🟢 Click element: By.xpath: //button[normalize-space()='Login']
[INFO] 31-08-2024 21:45:36 [TestNG-test=sample test1-5] LogUtils - Get Element: By.xpath: //input[@id='search_input']
[INFO] 31-08-2024 21:45:37 [TestNG-test=sample test1-1] LogUtils - Get Element: By.xpath: //div[@id='top_search']//li[3]
[INFO] 31-08-2024 21:45:37 [TestNG-test=sample test1-5] LogUtils - Get Element: By.xpath: //input[@id='search_input']
[INFO] 31-08-2024 21:45:37 [TestNG-test=sample test1-5] LogUtils - 🟢 Click element: By.xpath: //input[@id='search_input']
[INFO] 31-08-2024 21:45:38 [TestNG-test=sample test1-4] LogUtils - 🟢 Click element: By.xpath: //button[normalize-space()='Login']
[INFO] 31-08-2024 21:45:38 [TestNG-test=sample test1-1] LogUtils - Get Element: By.xpath: //div[@id='top_search']//li[3]
[ERROR] 31-08-2024 21:45:38 [TestNG-test=sample test1-3] LogUtils - Timeout waiting for the element ready to click. By.xpath: //li[@class='icon header-todo']//a//span
[ERROR] 31-08-2024 21:45:38 [TestNG-test=sample test1-3] LogUtils - ❌ Test case testClickOutSitePopupAddNewTodo Failed
[ERROR] 31-08-2024 21:45:38 [TestNG-test=sample test1-3] LogUtils - java.lang.AssertionError: Timeout waiting for the element ready to click. By.xpath: //li[@class='icon header-todo']//a//span
[INFO] 31-08-2024 21:45:38 [TestNG-test=sample test1-3] LogUtils - Screenshot success !!
[INFO] 31-08-2024 21:45:39 [TestNG-test=sample test1-4] LogUtils - Get Element: By.xpath: //input[@id='search_input']
[INFO] 31-08-2024 21:45:39 [TestNG-test=sample test1-3] LogUtils - Record success !!
[INFO] 31-08-2024 21:45:39 [TestNG-test=sample test1-4] LogUtils - 🟢 Set text: ok on element By.xpath: //input[@id='search_input']
[INFO] 31-08-2024 21:45:39 [TestNG-test=sample test1-4] LogUtils - Get Element: By.xpath: //input[@id='search_input']
[INFO] 31-08-2024 21:45:39 [TestNG-test=sample test1-2] LogUtils - ⭐️ Start test case testPopupAddnewTodoDisplay
[INFO] 31-08-2024 21:45:39 [TestNG-test=sample test1-1] LogUtils - 🟢 Click element: By.xpath: //div[@id='top_search']//li[3]
[ERROR] 31-08-2024 21:45:39 [TestNG-test=sample test1-1] LogUtils - ❌ Test case testClickoptionSearch Failed
[ERROR] 31-08-2024 21:45:39 [TestNG-test=sample test1-1] LogUtils - java.lang.AssertionError: url not match expected [https://crm.anhtester.com/admin/clients/client/46] but found [https://crm.anhtester.com/admin/clients/client/69]
[INFO] 31-08-2024 21:45:39 [TestNG-test=sample test1-5] LogUtils - Get list element: By.xpath: (//i[@class='fa fa-remove'])[1]
[INFO] 31-08-2024 21:45:39 [TestNG-test=sample test1-5] LogUtils - ✅ Check Element Exist: true ---> By.xpath: (//i[@class='fa fa-remove'])[1]
[INFO] 31-08-2024 21:45:39 [TestNG-test=sample test1-5] LogUtils - Get Element: By.xpath: (//i[@class='fa fa-remove'])[1]
[INFO] 31-08-2024 21:45:39 [TestNG-test=sample test1-4] LogUtils - Get Element: By.xpath: //input[@id='search_input']
[INFO] 31-08-2024 21:45:40 [TestNG-test=sample test1-1] LogUtils - Screenshot success !!
[INFO] 31-08-2024 21:45:41 [TestNG-test=sample test1-1] LogUtils - Record success !!
[INFO] 31-08-2024 21:45:41 [TestNG-test=sample test1-4] LogUtils - Get Element: By.xpath: //input[@id='search_input']
[INFO] 31-08-2024 21:45:41 [TestNG-test=sample test1-5] LogUtils - Get Element: By.xpath: (//i[@class='fa fa-remove'])[1]
[INFO] 31-08-2024 21:45:41 [TestNG-test=sample test1-4] LogUtils - 🟢 Click element: By.xpath: //input[@id='search_input']
[INFO] 31-08-2024 21:45:41 [TestNG-test=sample test1-5] LogUtils - 🟢 Click element: By.xpath: (//i[@class='fa fa-remove'])[1]
[INFO] 31-08-2024 21:45:41 [TestNG-test=sample test1-5] LogUtils - ✅ Test case testDeleteHistorySearch succesed
[INFO] 31-08-2024 21:45:41 [TestNG-test=sample test1-5] LogUtils - Record success !!
[INFO] 31-08-2024 21:45:41 [TestNG-test=sample test1-4] LogUtils - ✅ Test case testGetHistorySearch succesed
[INFO] 31-08-2024 21:45:41 [TestNG-test=sample test1-4] LogUtils - Record success !!
[INFO] 31-08-2024 21:45:43 [TestNG-test=sample test1-2] LogUtils - 🌐 Open URL: https://crm.anhtester.com/admin/authentication
[INFO] 31-08-2024 21:45:45 [TestNG-test=sample test1-3] LogUtils - ⭐️ Start test case testVerifySectionFinanceOverviewDisplay
[INFO] 31-08-2024 21:45:46 [TestNG-test=sample test1-5] LogUtils - ⭐️ Start test case testVerifySectionQuickStatisticsDisplay
[INFO] 31-08-2024 21:45:46 [TestNG-test=sample test1-1] LogUtils - ⭐️ Start test case verifyListTodoExitsTotoAdd
[INFO] 31-08-2024 21:45:47 [TestNG-test=sample test1-2] LogUtils - Get Element: By.xpath: //input[@id='email']
[INFO] 31-08-2024 21:45:47 [TestNG-test=sample test1-3] LogUtils - 🌐 Open URL: https://crm.anhtester.com/admin/authentication
[INFO] 31-08-2024 21:45:47 [TestNG-test=sample test1-2] LogUtils - 🟢 Set text: admin@example.com on element By.xpath: //input[@id='email']
[INFO] 31-08-2024 21:45:47 [TestNG-test=sample test1-4] LogUtils - ⭐️ Start test case testVerifySectionLatestProjectActivityDisplay
[INFO] 31-08-2024 21:45:48 [TestNG-test=sample test1-3] LogUtils - Get Element: By.xpath: //input[@id='email']
[INFO] 31-08-2024 21:45:48 [TestNG-test=sample test1-5] LogUtils - 🌐 Open URL: https://crm.anhtester.com/admin/authentication
[INFO] 31-08-2024 21:45:48 [TestNG-test=sample test1-3] LogUtils - 🟢 Set text: admin@example.com on element By.xpath: //input[@id='email']
[INFO] 31-08-2024 21:45:48 [TestNG-test=sample test1-2] LogUtils - Get Element: By.xpath: //input[@id='password']
[INFO] 31-08-2024 21:45:48 [TestNG-test=sample test1-1] LogUtils - 🌐 Open URL: https://crm.anhtester.com/admin/authentication
[INFO] 31-08-2024 21:45:48 [TestNG-test=sample test1-2] LogUtils - 🟢 Set text: 123456 on element By.xpath: //input[@id='password']
[INFO] 31-08-2024 21:45:48 [TestNG-test=sample test1-2] LogUtils - Get Element: By.xpath: //button[normalize-space()='Login']
[INFO] 31-08-2024 21:45:49 [TestNG-test=sample test1-3] LogUtils - Get Element: By.xpath: //input[@id='password']
[INFO] 31-08-2024 21:45:49 [TestNG-test=sample test1-5] LogUtils - Get Element: By.xpath: //input[@id='email']
[INFO] 31-08-2024 21:45:49 [TestNG-test=sample test1-3] LogUtils - 🟢 Set text: 123456 on element By.xpath: //input[@id='password']
[INFO] 31-08-2024 21:45:49 [TestNG-test=sample test1-3] LogUtils - Get Element: By.xpath: //button[normalize-space()='Login']
[INFO] 31-08-2024 21:45:49 [TestNG-test=sample test1-5] LogUtils - 🟢 Set text: admin@example.com on element By.xpath: //input[@id='email']
[INFO] 31-08-2024 21:45:50 [TestNG-test=sample test1-1] LogUtils - Get Element: By.xpath: //input[@id='email']
[INFO] 31-08-2024 21:45:50 [TestNG-test=sample test1-2] LogUtils - Get Element: By.xpath: //button[normalize-space()='Login']
[INFO] 31-08-2024 21:45:50 [TestNG-test=sample test1-1] LogUtils - 🟢 Set text: admin@example.com on element By.xpath: //input[@id='email']
[INFO] 31-08-2024 21:45:50 [TestNG-test=sample test1-4] LogUtils - 🌐 Open URL: https://crm.anhtester.com/admin/authentication
[INFO] 31-08-2024 21:45:51 [TestNG-test=sample test1-5] LogUtils - Get Element: By.xpath: //input[@id='password']
[INFO] 31-08-2024 21:45:51 [TestNG-test=sample test1-3] LogUtils - Get Element: By.xpath: //button[normalize-space()='Login']
[INFO] 31-08-2024 21:45:51 [TestNG-test=sample test1-5] LogUtils - 🟢 Set text: 123456 on element By.xpath: //input[@id='password']
[INFO] 31-08-2024 21:45:51 [TestNG-test=sample test1-5] LogUtils - Get Element: By.xpath: //button[normalize-space()='Login']
[INFO] 31-08-2024 21:45:51 [TestNG-test=sample test1-1] LogUtils - Get Element: By.xpath: //input[@id='password']
[INFO] 31-08-2024 21:45:51 [TestNG-test=sample test1-1] LogUtils - 🟢 Set text: 123456 on element By.xpath: //input[@id='password']
[INFO] 31-08-2024 21:45:51 [TestNG-test=sample test1-1] LogUtils - Get Element: By.xpath: //button[normalize-space()='Login']
[INFO] 31-08-2024 21:45:51 [TestNG-test=sample test1-4] LogUtils - Get Element: By.xpath: //input[@id='email']
[INFO] 31-08-2024 21:45:51 [TestNG-test=sample test1-4] LogUtils - 🟢 Set text: admin@example.com on element By.xpath: //input[@id='email']
[INFO] 31-08-2024 21:45:52 [TestNG-test=sample test1-5] LogUtils - Get Element: By.xpath: //button[normalize-space()='Login']
[INFO] 31-08-2024 21:45:52 [TestNG-test=sample test1-1] LogUtils - Get Element: By.xpath: //button[normalize-space()='Login']
[INFO] 31-08-2024 21:45:53 [TestNG-test=sample test1-4] LogUtils - Get Element: By.xpath: //input[@id='password']
[INFO] 31-08-2024 21:45:53 [TestNG-test=sample test1-4] LogUtils - 🟢 Set text: 123456 on element By.xpath: //input[@id='password']
[INFO] 31-08-2024 21:45:53 [TestNG-test=sample test1-4] LogUtils - Get Element: By.xpath: //button[normalize-space()='Login']
[INFO] 31-08-2024 21:45:54 [TestNG-test=sample test1-3] LogUtils - 🟢 Click element: By.xpath: //button[normalize-space()='Login']
[INFO] 31-08-2024 21:45:54 [TestNG-test=sample test1-3] LogUtils - Get Element: By.xpath: //span[normalize-space()='Dashboard']
[INFO] 31-08-2024 21:45:54 [TestNG-test=sample test1-2] LogUtils - 🟢 Click element: By.xpath: //button[normalize-space()='Login']
[INFO] 31-08-2024 21:45:54 [TestNG-test=sample test1-2] LogUtils - Get Element: By.xpath: //li[@class='icon header-todo']//a//span
[INFO] 31-08-2024 21:45:55 [TestNG-test=sample test1-4] LogUtils - Get Element: By.xpath: //button[normalize-space()='Login']
[INFO] 31-08-2024 21:45:55 [TestNG-test=sample test1-1] LogUtils - 🟢 Click element: By.xpath: //button[normalize-space()='Login']
[INFO] 31-08-2024 21:45:55 [TestNG-test=sample test1-1] LogUtils - Get Element: By.xpath: //li[@class='icon header-todo']//a//span
[INFO] 31-08-2024 21:45:55 [TestNG-test=sample test1-3] LogUtils - Get Element: By.xpath: //span[normalize-space()='Dashboard']
[INFO] 31-08-2024 21:45:56 [TestNG-test=sample test1-3] LogUtils - 🟢 Click element: By.xpath: //span[normalize-space()='Dashboard']
[INFO] 31-08-2024 21:45:56 [TestNG-test=sample test1-3] LogUtils - Get Element: By.xpath: //span[normalize-space()='Dashboard']
[INFO] 31-08-2024 21:45:57 [TestNG-test=sample test1-5] LogUtils - 🟢 Click element: By.xpath: //button[normalize-space()='Login']
[INFO] 31-08-2024 21:45:57 [TestNG-test=sample test1-5] LogUtils - Get Element: By.xpath: //span[normalize-space()='Dashboard']
[INFO] 31-08-2024 21:45:57 [TestNG-test=sample test1-3] LogUtils - Get Element: By.xpath: //span[normalize-space()='Dashboard']
[INFO] 31-08-2024 21:45:58 [TestNG-test=sample test1-4] LogUtils - 🟢 Click element: By.xpath: //button[normalize-space()='Login']
[INFO] 31-08-2024 21:45:58 [TestNG-test=sample test1-4] LogUtils - Get Element: By.xpath: //span[normalize-space()='Dashboard']
[INFO] 31-08-2024 21:45:58 [TestNG-test=sample test1-5] LogUtils - Get Element: By.xpath: //span[normalize-space()='Dashboard']
[INFO] 31-08-2024 21:45:59 [TestNG-test=sample test1-3] LogUtils - 🟢 Click element: By.xpath: //span[normalize-space()='Dashboard']
[INFO] 31-08-2024 21:45:59 [TestNG-test=sample test1-3] LogUtils - Get Element: By.xpath: //div[normalize-space()='Dashboard Options']
[INFO] 31-08-2024 21:45:59 [TestNG-test=sample test1-4] LogUtils - Get Element: By.xpath: //span[normalize-space()='Dashboard']
[INFO] 31-08-2024 21:46:00 [TestNG-test=sample test1-5] LogUtils - 🟢 Click element: By.xpath: //span[normalize-space()='Dashboard']
[INFO] 31-08-2024 21:46:00 [TestNG-test=sample test1-5] LogUtils - Get Element: By.xpath: //span[normalize-space()='Dashboard']
[INFO] 31-08-2024 21:46:00 [TestNG-test=sample test1-3] LogUtils - Get Element: By.xpath: //div[normalize-space()='Dashboard Options']
[INFO] 31-08-2024 21:46:01 [TestNG-test=sample test1-3] LogUtils - 🟢 Click element: By.xpath: //div[normalize-space()='Dashboard Options']
[INFO] 31-08-2024 21:46:01 [TestNG-test=sample test1-4] LogUtils - 🟢 Click element: By.xpath: //span[normalize-space()='Dashboard']
[INFO] 31-08-2024 21:46:01 [TestNG-test=sample test1-4] LogUtils - Get Element: By.xpath: //span[normalize-space()='Dashboard']
[INFO] 31-08-2024 21:46:01 [TestNG-test=sample test1-5] LogUtils - Get Element: By.xpath: //span[normalize-space()='Dashboard']
[INFO] 31-08-2024 21:46:02 [TestNG-test=sample test1-3] LogUtils - Get Element: By.xpath: //input[@id='widget_option_finance_overview']
[INFO] 31-08-2024 21:46:02 [TestNG-test=sample test1-3] LogUtils - Get Element: By.xpath: //div[@id='widget-finance_overview']
[INFO] 31-08-2024 21:46:02 [TestNG-test=sample test1-3] LogUtils - Get Element: By.xpath: //input[@id='widget_option_finance_overview']
[INFO] 31-08-2024 21:46:02 [TestNG-test=sample test1-4] LogUtils - Get Element: By.xpath: //span[normalize-space()='Dashboard']
[INFO] 31-08-2024 21:46:03 [TestNG-test=sample test1-5] LogUtils - 🟢 Click element: By.xpath: //span[normalize-space()='Dashboard']
[INFO] 31-08-2024 21:46:03 [TestNG-test=sample test1-5] LogUtils - Get Element: By.xpath: //div[normalize-space()='Dashboard Options']
[INFO] 31-08-2024 21:46:04 [TestNG-test=sample test1-4] LogUtils - 🟢 Click element: By.xpath: //span[normalize-space()='Dashboard']
[INFO] 31-08-2024 21:46:04 [TestNG-test=sample test1-4] LogUtils - Get Element: By.xpath: //div[normalize-space()='Dashboard Options']
[ERROR] 31-08-2024 21:46:05 [TestNG-test=sample test1-2] LogUtils - Timeout waiting for the element ready to click. By.xpath: //li[@class='icon header-todo']//a//span
[ERROR] 31-08-2024 21:46:05 [TestNG-test=sample test1-2] LogUtils - ❌ Test case testPopupAddnewTodoDisplay Failed
[ERROR] 31-08-2024 21:46:05 [TestNG-test=sample test1-2] LogUtils - java.lang.AssertionError: Timeout waiting for the element ready to click. By.xpath: //li[@class='icon header-todo']//a//span
[ERROR] 31-08-2024 21:46:05 [TestNG-test=sample test1-1] LogUtils - Timeout waiting for the element ready to click. By.xpath: //li[@class='icon header-todo']//a//span
[ERROR] 31-08-2024 21:46:05 [TestNG-test=sample test1-1] LogUtils - ❌ Test case verifyListTodoExitsTotoAdd Failed
[ERROR] 31-08-2024 21:46:05 [TestNG-test=sample test1-1] LogUtils - java.lang.AssertionError: Timeout waiting for the element ready to click. By.xpath: //li[@class='icon header-todo']//a//span
[INFO] 31-08-2024 21:46:05 [TestNG-test=sample test1-2] LogUtils - Screenshot success !!
[INFO] 31-08-2024 21:46:05 [TestNG-test=sample test1-5] LogUtils - Get Element: By.xpath: //div[normalize-space()='Dashboard Options']
[INFO] 31-08-2024 21:46:05 [TestNG-test=sample test1-1] LogUtils - Screenshot success !!
[INFO] 31-08-2024 21:46:05 [TestNG-test=sample test1-5] LogUtils - 🟢 Click element: By.xpath: //div[normalize-space()='Dashboard Options']
[INFO] 31-08-2024 21:46:06 [TestNG-test=sample test1-4] LogUtils - Get Element: By.xpath: //div[normalize-space()='Dashboard Options']
[ERROR] 31-08-2024 21:46:06 [TestNG-test=sample test1-1] LogUtils - ❌ Test case verifyListTodoExitsTotoAdd Failed
[ERROR] 31-08-2024 21:46:06 [TestNG-test=sample test1-1] LogUtils - java.lang.NullPointerException: Cannot invoke "java.util.concurrent.ScheduledThreadPoolExecutor.awaitTermination(long, java.util.concurrent.TimeUnit)" because "this.screenCaptureTimer" is null
[INFO] 31-08-2024 21:46:06 [TestNG-test=sample test1-2] LogUtils - Record success !!
[INFO] 31-08-2024 21:46:06 [TestNG-test=sample test1-5] LogUtils - Get Element: By.xpath: //input[@id='widget_option_top_stats']
[INFO] 31-08-2024 21:46:06 [TestNG-test=sample test1-1] LogUtils - Screenshot success !!
[INFO] 31-08-2024 21:46:06 [TestNG-test=sample test1-5] LogUtils - Get Element: By.xpath: //div[@id='widget-top_stats']
[INFO] 31-08-2024 21:46:06 [TestNG-test=sample test1-4] LogUtils - 🟢 Click element: By.xpath: //div[normalize-space()='Dashboard Options']
[INFO] 31-08-2024 21:46:06 [TestNG-test=sample test1-5] LogUtils - Get Element: By.xpath: //input[@id='widget_option_top_stats']
[INFO] 31-08-2024 21:46:07 [TestNG-test=sample test1-1] LogUtils - Record success !!
[INFO] 31-08-2024 21:46:07 [TestNG-test=sample test1-4] LogUtils - Get Element: By.xpath: //input[@id='widget_option_projects_activity']
[INFO] 31-08-2024 21:46:07 [TestNG-test=sample test1-4] LogUtils - Get Element: By.xpath: //input[@id='widget_option_projects_activity']
[ERROR] 31-08-2024 21:46:12 [TestNG-test=sample test1-3] LogUtils - Timeout waiting for the element ready to click. By.xpath: //input[@id='widget_option_finance_overview']
[ERROR] 31-08-2024 21:46:12 [TestNG-test=sample test1-3] LogUtils - ❌ Test case testVerifySectionFinanceOverviewDisplay Failed
[ERROR] 31-08-2024 21:46:12 [TestNG-test=sample test1-3] LogUtils - java.lang.AssertionError: Timeout waiting for the element ready to click. By.xpath: //input[@id='widget_option_finance_overview']
[INFO] 31-08-2024 21:46:12 [TestNG-test=sample test1-3] LogUtils - Screenshot success !!
[INFO] 31-08-2024 21:46:13 [TestNG-test=sample test1-3] LogUtils - Record success !!
[ERROR] 31-08-2024 21:46:17 [TestNG-test=sample test1-5] LogUtils - Timeout waiting for the element ready to click. By.xpath: //input[@id='widget_option_top_stats']
[ERROR] 31-08-2024 21:46:17 [TestNG-test=sample test1-5] LogUtils - ❌ Test case testVerifySectionQuickStatisticsDisplay Failed
[ERROR] 31-08-2024 21:46:17 [TestNG-test=sample test1-5] LogUtils - java.lang.AssertionError: Timeout waiting for the element ready to click. By.xpath: //input[@id='widget_option_top_stats']
[INFO] 31-08-2024 21:46:17 [TestNG-test=sample test1-5] LogUtils - Screenshot success !!
[INFO] 31-08-2024 21:46:17 [TestNG-test=sample test1-5] LogUtils - Record success !!
[ERROR] 31-08-2024 21:46:18 [TestNG-test=sample test1-4] LogUtils - Timeout waiting for the element ready to click. By.xpath: //input[@id='widget_option_projects_activity']
[ERROR] 31-08-2024 21:46:18 [TestNG-test=sample test1-4] LogUtils - ❌ Test case testVerifySectionLatestProjectActivityDisplay Failed
[ERROR] 31-08-2024 21:46:18 [TestNG-test=sample test1-4] LogUtils - java.lang.AssertionError: Timeout waiting for the element ready to click. By.xpath: //input[@id='widget_option_projects_activity']
[INFO] 31-08-2024 21:46:18 [TestNG-test=sample test1-4] LogUtils - Screenshot success !!
[INFO] 31-08-2024 21:46:18 [TestNG-test=sample test1-4] LogUtils - Record success !!
[INFO] 31-08-2024 21:46:19 [TestNG-tests-1] LogUtils - ⭐️ ***** END FINISHED Sat Aug 31 21:46:19 ICT 2024 *****
[INFO] 31-08-2024 23:45:02 [main] LogUtils - ⭐️ ***** START TESTINGSat Aug 31 23:44:59 ICT 2024 *****
[INFO] 31-08-2024 23:45:02 [main] LogUtils - Load all properties{BROWERS=chrome, SCREENSHOT_STEP_FAIL=true, RECORD_VIDEO=true, SCREENSHOT_PATH=./screenshots/, EMAIL=admin@example.com, URL=https://crm.anhtester.com/admin/authentication, PAGE_LOAD_TIMEOUT=40, STEP_TIME=1, SCREENSHOT_STEP_PASS=false, RECORD_VIDEO_PATH=./videos/, PASSWORD=123456, SCREENSHOT_STEP_ALL=false, EXPLICIT_WAIT_TIMEOUT=10}
[INFO] 31-08-2024 23:45:06 [main] LogUtils - ⭐️ Start test case testAddNewCustomerValidFullFiled
[INFO] 31-08-2024 23:45:12 [main] LogUtils - 🌐 Open URL: https://crm.anhtester.com/admin/authentication
[INFO] 31-08-2024 23:45:14 [main] LogUtils - Get Element: By.xpath: //input[@id='email']
[INFO] 31-08-2024 23:45:14 [main] LogUtils - 🟢 Set text: admin@example.com on element By.xpath: //input[@id='email']
[INFO] 31-08-2024 23:45:15 [main] LogUtils - Get Element: By.xpath: //input[@id='password']
[INFO] 31-08-2024 23:45:15 [main] LogUtils - 🟢 Set text: 123456 on element By.xpath: //input[@id='password']
[INFO] 31-08-2024 23:45:15 [main] LogUtils - Get Element: By.xpath: //button[normalize-space()='Login']
[INFO] 31-08-2024 23:45:16 [main] LogUtils - Get Element: By.xpath: //button[normalize-space()='Login']
[INFO] 31-08-2024 23:45:17 [main] LogUtils - 🟢 Click element: By.xpath: //button[normalize-space()='Login']
[INFO] 31-08-2024 23:45:17 [main] LogUtils - Get Element: By.xpath: //span[normalize-space()='Customers']
[INFO] 31-08-2024 23:45:20 [main] LogUtils - Get Element: By.xpath: //span[normalize-space()='Customers']
[INFO] 31-08-2024 23:45:21 [main] LogUtils - 🟢 Click element: By.xpath: //span[normalize-space()='Customers']
[INFO] 31-08-2024 23:45:22 [main] LogUtils - Get text element: 211
[INFO] 31-08-2024 23:45:22 [main] LogUtils - Get text element: 211
[INFO] 31-08-2024 23:45:22 [main] LogUtils - Get text element: 211
[INFO] 31-08-2024 23:45:22 [main] LogUtils - Total customer after: 211
[INFO] 31-08-2024 23:45:22 [main] LogUtils - Get Element: By.xpath: //a[normalize-space()='New Customer']
[INFO] 31-08-2024 23:45:23 [main] LogUtils - Get Element: By.xpath: //a[normalize-space()='New Customer']
[INFO] 31-08-2024 23:45:24 [main] LogUtils - 🟢 Click element: By.xpath: //a[normalize-space()='New Customer']
[INFO] 31-08-2024 23:45:25 [main] LogUtils - Get Element: By.xpath: //input[@id='company']
[INFO] 31-08-2024 23:45:25 [main] LogUtils - 🟢 Set text: Selenium112023_Test18 on element By.xpath: //input[@id='company']
[INFO] 31-08-2024 23:45:26 [main] LogUtils - Get Element: By.xpath: //input[@id='vat']
[INFO] 31-08-2024 23:45:26 [main] LogUtils - 🟢 Set text: 123 on element By.xpath: //input[@id='vat']
[INFO] 31-08-2024 23:45:27 [main] LogUtils - Get Element: By.xpath: //input[@id='phonenumber']
[INFO] 31-08-2024 23:45:28 [main] LogUtils - 🟢 Set text: 0358153222 on element By.xpath: //input[@id='phonenumber']
[INFO] 31-08-2024 23:45:29 [main] LogUtils - Get Element: By.xpath: //input[@id='website']
[INFO] 31-08-2024 23:45:29 [main] LogUtils - 🟢 Set text: 0358153222 on element By.xpath: //input[@id='website']
[INFO] 31-08-2024 23:45:29 [main] LogUtils - Get Element: By.xpath: //button[@data-id='groups_in[]']
[INFO] 31-08-2024 23:45:30 [main] LogUtils - Get Element: By.xpath: //button[@data-id='groups_in[]']
[INFO] 31-08-2024 23:45:30 [main] LogUtils - 🟢 Click element: By.xpath: //button[@data-id='groups_in[]']
[INFO] 31-08-2024 23:45:31 [main] LogUtils - Get Element: By.xpath: //button[@data-id='groups_in[]']/following-sibling::div//input
[INFO] 31-08-2024 23:45:31 [main] LogUtils - 🟢 Set text: VIP on element By.xpath: //button[@data-id='groups_in[]']/following-sibling::div//input
[INFO] 31-08-2024 23:45:31 [main] LogUtils - 🟢 Set key: ENTER on element By.xpath: //button[@data-id='groups_in[]']/following-sibling::div//input
[INFO] 31-08-2024 23:45:32 [main] LogUtils - Get Element: By.xpath: //button[@data-id='groups_in[]']
[INFO] 31-08-2024 23:45:33 [main] LogUtils - Get Element: By.xpath: //button[@data-id='groups_in[]']
[INFO] 31-08-2024 23:45:33 [main] LogUtils - 🟢 Click element: By.xpath: //button[@data-id='groups_in[]']
[INFO] 31-08-2024 23:45:33 [main] LogUtils - Get Element: By.xpath: (//button[@data-id='default_currency'])
[INFO] 31-08-2024 23:45:34 [main] LogUtils - Get Element: By.xpath: (//button[@data-id='default_currency'])
[INFO] 31-08-2024 23:45:34 [main] LogUtils - 🟢 Click element: By.xpath: (//button[@data-id='default_currency'])
[INFO] 31-08-2024 23:45:35 [main] LogUtils - Get Element: By.xpath: (//button[@data-id='default_currency'])//following-sibling::div//input
[INFO] 31-08-2024 23:45:35 [main] LogUtils - 🟢 Set text: USD on element By.xpath: (//button[@data-id='default_currency'])//following-sibling::div//input
[INFO] 31-08-2024 23:45:36 [main] LogUtils - 🟢 Set key: ENTER on element By.xpath: (//button[@data-id='default_currency'])//following-sibling::div//input
[INFO] 31-08-2024 23:45:36 [main] LogUtils - Get Element: By.xpath: (//button[@data-id='default_currency'])
[INFO] 31-08-2024 23:45:37 [main] LogUtils - Get Element: By.xpath: (//button[@data-id='default_currency'])
[INFO] 31-08-2024 23:45:37 [main] LogUtils - 🟢 Click element: By.xpath: (//button[@data-id='default_currency'])
[INFO] 31-08-2024 23:45:37 [main] LogUtils - Get Element: By.xpath: //button[@data-id='default_language']
[INFO] 31-08-2024 23:45:38 [main] LogUtils - Get Element: By.xpath: //button[@data-id='default_language']
[INFO] 31-08-2024 23:45:38 [main] LogUtils - 🟢 Click element: By.xpath: //button[@data-id='default_language']
[INFO] 31-08-2024 23:45:38 [main] LogUtils - Get Element: By.xpath: //span[normalize-space()='Vietnamese']
[INFO] 31-08-2024 23:45:39 [main] LogUtils - Get Element: By.xpath: //span[normalize-space()='Vietnamese']
[INFO] 31-08-2024 23:45:39 [main] LogUtils - 🟢 Click element: By.xpath: //span[normalize-space()='Vietnamese']
[INFO] 31-08-2024 23:45:40 [main] LogUtils - Get Element: By.xpath: //textarea[@id='address']
[INFO] 31-08-2024 23:45:41 [main] LogUtils - 🟢 Set text: HN on element By.xpath: //textarea[@id='address']
[INFO] 31-08-2024 23:45:42 [main] LogUtils - Get Element: By.xpath: //input[@id='city']
[INFO] 31-08-2024 23:45:42 [main] LogUtils - 🟢 Set text: HN on element By.xpath: //input[@id='city']
[INFO] 31-08-2024 23:45:43 [main] LogUtils - Get Element: By.xpath: //input[@id='state']
[INFO] 31-08-2024 23:45:43 [main] LogUtils - 🟢 Set text: HN on element By.xpath: //input[@id='state']
[INFO] 31-08-2024 23:45:44 [main] LogUtils - Get Element: By.xpath: //input[@id='zip']
[INFO] 31-08-2024 23:45:44 [main] LogUtils - 🟢 Set text: HN on element By.xpath: //input[@id='zip']
[INFO] 31-08-2024 23:45:44 [main] LogUtils - Get Element: By.xpath: //button[@data-id='country']
[INFO] 31-08-2024 23:45:45 [main] LogUtils - Get Element: By.xpath: //button[@data-id='country']
[INFO] 31-08-2024 23:45:45 [main] LogUtils - 🟢 Click element: By.xpath: //button[@data-id='country']
[INFO] 31-08-2024 23:45:47 [main] LogUtils - Get Element: By.xpath: //button[@data-id='country']/following-sibling::div//input
[INFO] 31-08-2024 23:45:47 [main] LogUtils - 🟢 Set text: Vietnam on element By.xpath: //button[@data-id='country']/following-sibling::div//input
[INFO] 31-08-2024 23:45:47 [main] LogUtils - 🟢 Set key: ENTER on element By.xpath: //button[@data-id='country']/following-sibling::div//input
[INFO] 31-08-2024 23:45:47 [main] LogUtils - Get Element: By.xpath: //button[@data-id='country']
[INFO] 31-08-2024 23:45:48 [main] LogUtils - Get Element: By.xpath: //button[@data-id='country']
[INFO] 31-08-2024 23:45:48 [main] LogUtils - 🟢 Click element: By.xpath: //button[@data-id='country']
[INFO] 31-08-2024 23:45:48 [main] LogUtils - Get Element: By.xpath: //button[@class='btn btn-primary only-save customer-form-submiter']
[INFO] 31-08-2024 23:45:49 [main] LogUtils - Get Element: By.xpath: //button[@class='btn btn-primary only-save customer-form-submiter']
[INFO] 31-08-2024 23:45:50 [main] LogUtils - 🟢 Click element: By.xpath: //button[@class='btn btn-primary only-save customer-form-submiter']
[INFO] 31-08-2024 23:45:52 [main] LogUtils - Get list element: By.xpath: //span[@class='alert-title']
[INFO] 31-08-2024 23:45:52 [main] LogUtils - ✅ Check Element Exist: true ---> By.xpath: //span[@class='alert-title']
[INFO] 31-08-2024 23:45:52 [main] LogUtils - Get text element: 
[ERROR] 31-08-2024 23:45:52 [main] LogUtils - ❌ Test case testAddNewCustomerValidFullFiled Failed
[ERROR] 31-08-2024 23:45:52 [main] LogUtils - java.lang.AssertionError: 🐞 👺 FAIL. The content of error massge not match. expected [Customer added successfully.] but found []
[INFO] 31-08-2024 23:45:53 [main] LogUtils - Screenshot success !!
[INFO] 31-08-2024 23:45:53 [main] LogUtils - Record success !!
[INFO] 31-08-2024 23:45:54 [main] LogUtils - ⭐️ ***** END FINISHED Sat Aug 31 23:45:54 ICT 2024 *****
[INFO] 31-08-2024 23:50:53 [main] LogUtils - ⭐️ ***** START TESTINGSat Aug 31 23:50:50 ICT 2024 *****
[INFO] 31-08-2024 23:50:53 [main] LogUtils - Load all properties{BROWERS=chrome, SCREENSHOT_STEP_FAIL=true, RECORD_VIDEO=true, SCREENSHOT_PATH=./screenshots/, EMAIL=admin@example.com, URL=https://crm.anhtester.com/admin/authentication, PAGE_LOAD_TIMEOUT=40, STEP_TIME=1, SCREENSHOT_STEP_PASS=false, RECORD_VIDEO_PATH=./videos/, PASSWORD=123456, SCREENSHOT_STEP_ALL=false, EXPLICIT_WAIT_TIMEOUT=10}
[INFO] 31-08-2024 23:50:57 [main] LogUtils - ⭐️ Start test case testAddNewCustomerWithDataExcel
[INFO] 31-08-2024 23:51:02 [main] LogUtils - 🌐 Open URL: https://crm.anhtester.com/admin/authentication
[INFO] 31-08-2024 23:51:03 [main] LogUtils - Get Element: By.xpath: //input[@id='email']
[INFO] 31-08-2024 23:51:04 [main] LogUtils - 🟢 Set text: admin@example.com on element By.xpath: //input[@id='email']
[INFO] 31-08-2024 23:51:05 [main] LogUtils - Get Element: By.xpath: //input[@id='password']
[INFO] 31-08-2024 23:51:05 [main] LogUtils - 🟢 Set text: 123456 on element By.xpath: //input[@id='password']
[INFO] 31-08-2024 23:51:05 [main] LogUtils - Get Element: By.xpath: //button[normalize-space()='Login']
[INFO] 31-08-2024 23:51:06 [main] LogUtils - Get Element: By.xpath: //button[normalize-space()='Login']
[INFO] 31-08-2024 23:51:08 [main] LogUtils - 🟢 Click element: By.xpath: //button[normalize-space()='Login']
[INFO] 31-08-2024 23:51:08 [main] LogUtils - Get Element: By.xpath: //span[normalize-space()='Customers']
[INFO] 31-08-2024 23:51:10 [main] LogUtils - Get Element: By.xpath: //span[normalize-space()='Customers']
[INFO] 31-08-2024 23:51:11 [main] LogUtils - 🟢 Click element: By.xpath: //span[normalize-space()='Customers']
[INFO] 31-08-2024 23:51:11 [main] LogUtils - Get Element: By.xpath: //a[normalize-space()='New Customer']
[INFO] 31-08-2024 23:51:12 [main] LogUtils - Get Element: By.xpath: //a[normalize-space()='New Customer']
[INFO] 31-08-2024 23:51:13 [main] LogUtils - 🟢 Click element: By.xpath: //a[normalize-space()='New Customer']
[INFO] 31-08-2024 23:51:18 [main] LogUtils - Get Element: By.xpath: //input[@id='company']
[INFO] 31-08-2024 23:51:18 [main] LogUtils - 🟢 Set text: Khách hàng 2 on element By.xpath: //input[@id='company']
[INFO] 31-08-2024 23:51:19 [main] LogUtils - Get Element: By.xpath: //input[@id='vat']
[INFO] 31-08-2024 23:51:19 [main] LogUtils - 🟢 Set text: 10 on element By.xpath: //input[@id='vat']
[INFO] 31-08-2024 23:51:20 [main] LogUtils - Get Element: By.xpath: //input[@id='phonenumber']
[INFO] 31-08-2024 23:51:21 [main] LogUtils - 🟢 Set text: 123456 on element By.xpath: //input[@id='phonenumber']
[INFO] 31-08-2024 23:51:22 [main] LogUtils - Get Element: By.xpath: //input[@id='website']
[INFO] 31-08-2024 23:51:22 [main] LogUtils - 🟢 Set text: https://anhtester.com on element By.xpath: //input[@id='website']
[INFO] 31-08-2024 23:51:22 [main] LogUtils - Get Element: By.xpath: //button[@data-id='groups_in[]']
[INFO] 31-08-2024 23:51:23 [main] LogUtils - Get Element: By.xpath: //button[@data-id='groups_in[]']
[INFO] 31-08-2024 23:51:23 [main] LogUtils - 🟢 Click element: By.xpath: //button[@data-id='groups_in[]']
[INFO] 31-08-2024 23:51:24 [main] LogUtils - Get Element: By.xpath: //button[@data-id='groups_in[]']/following-sibling::div//input
[INFO] 31-08-2024 23:51:24 [main] LogUtils - 🟢 Set text: VIP on element By.xpath: //button[@data-id='groups_in[]']/following-sibling::div//input
[INFO] 31-08-2024 23:51:25 [main] LogUtils - 🟢 Set key: ENTER on element By.xpath: //button[@data-id='groups_in[]']/following-sibling::div//input
[INFO] 31-08-2024 23:51:25 [main] LogUtils - Get Element: By.xpath: //button[@data-id='groups_in[]']
[INFO] 31-08-2024 23:51:26 [main] LogUtils - Get Element: By.xpath: //button[@data-id='groups_in[]']
[INFO] 31-08-2024 23:51:26 [main] LogUtils - 🟢 Click element: By.xpath: //button[@data-id='groups_in[]']
[INFO] 31-08-2024 23:51:26 [main] LogUtils - Get Element: By.xpath: (//button[@data-id='default_currency'])
[INFO] 31-08-2024 23:51:27 [main] LogUtils - Get Element: By.xpath: (//button[@data-id='default_currency'])
[INFO] 31-08-2024 23:51:27 [main] LogUtils - 🟢 Click element: By.xpath: (//button[@data-id='default_currency'])
[INFO] 31-08-2024 23:51:28 [main] LogUtils - Get Element: By.xpath: (//button[@data-id='default_currency'])//following-sibling::div//input
[INFO] 31-08-2024 23:51:28 [main] LogUtils - 🟢 Set text: USD on element By.xpath: (//button[@data-id='default_currency'])//following-sibling::div//input
[INFO] 31-08-2024 23:51:28 [main] LogUtils - 🟢 Set key: ENTER on element By.xpath: (//button[@data-id='default_currency'])//following-sibling::div//input
[INFO] 31-08-2024 23:51:28 [main] LogUtils - Get Element: By.xpath: (//button[@data-id='default_currency'])
[INFO] 31-08-2024 23:51:30 [main] LogUtils - Get Element: By.xpath: (//button[@data-id='default_currency'])
[INFO] 31-08-2024 23:51:30 [main] LogUtils - 🟢 Click element: By.xpath: (//button[@data-id='default_currency'])
[INFO] 31-08-2024 23:51:30 [main] LogUtils - Get Element: By.xpath: //button[@data-id='default_language']
[INFO] 31-08-2024 23:51:31 [main] LogUtils - Get Element: By.xpath: //button[@data-id='default_language']
[INFO] 31-08-2024 23:51:31 [main] LogUtils - 🟢 Click element: By.xpath: //button[@data-id='default_language']
[INFO] 31-08-2024 23:51:31 [main] LogUtils - Get Element: By.xpath: //span[normalize-space()='Vietnamese']
[INFO] 31-08-2024 23:51:32 [main] LogUtils - Get Element: By.xpath: //span[normalize-space()='Vietnamese']
[INFO] 31-08-2024 23:51:32 [main] LogUtils - 🟢 Click element: By.xpath: //span[normalize-space()='Vietnamese']
[INFO] 31-08-2024 23:51:33 [main] LogUtils - Get Element: By.xpath: //textarea[@id='address']
[INFO] 31-08-2024 23:51:33 [main] LogUtils - 🟢 Set text: HN on element By.xpath: //textarea[@id='address']
[INFO] 31-08-2024 23:51:34 [main] LogUtils - Get Element: By.xpath: //input[@id='city']
[INFO] 31-08-2024 23:51:35 [main] LogUtils - 🟢 Set text: HN on element By.xpath: //input[@id='city']
[INFO] 31-08-2024 23:51:36 [main] LogUtils - Get Element: By.xpath: //input[@id='state']
[INFO] 31-08-2024 23:51:36 [main] LogUtils - 🟢 Set text: HN on element By.xpath: //input[@id='state']
[INFO] 31-08-2024 23:51:37 [main] LogUtils - Get Element: By.xpath: //input[@id='zip']
[INFO] 31-08-2024 23:51:37 [main] LogUtils - 🟢 Set text: HN on element By.xpath: //input[@id='zip']
[INFO] 31-08-2024 23:51:37 [main] LogUtils - Get Element: By.xpath: //button[@data-id='country']
[INFO] 31-08-2024 23:51:38 [main] LogUtils - Get Element: By.xpath: //button[@data-id='country']
[INFO] 31-08-2024 23:51:38 [main] LogUtils - 🟢 Click element: By.xpath: //button[@data-id='country']
[INFO] 31-08-2024 23:51:39 [main] LogUtils - Get Element: By.xpath: //button[@data-id='country']/following-sibling::div//input
[INFO] 31-08-2024 23:51:40 [main] LogUtils - 🟢 Set text: Vietnam on element By.xpath: //button[@data-id='country']/following-sibling::div//input
[INFO] 31-08-2024 23:51:40 [main] LogUtils - 🟢 Set key: ENTER on element By.xpath: //button[@data-id='country']/following-sibling::div//input
[INFO] 31-08-2024 23:51:40 [main] LogUtils - Get Element: By.xpath: //button[@data-id='country']
[INFO] 31-08-2024 23:51:41 [main] LogUtils - Get Element: By.xpath: //button[@data-id='country']
[INFO] 31-08-2024 23:51:41 [main] LogUtils - 🟢 Click element: By.xpath: //button[@data-id='country']
[INFO] 31-08-2024 23:51:41 [main] LogUtils - Get Element: By.xpath: //button[@class='btn btn-primary only-save customer-form-submiter']
[INFO] 31-08-2024 23:51:42 [main] LogUtils - Get Element: By.xpath: //button[@class='btn btn-primary only-save customer-form-submiter']
[INFO] 31-08-2024 23:51:42 [main] LogUtils - 🟢 Click element: By.xpath: //button[@class='btn btn-primary only-save customer-form-submiter']
[INFO] 31-08-2024 23:51:44 [main] LogUtils - Get list element: By.xpath: //span[@class='alert-title']
[INFO] 31-08-2024 23:51:44 [main] LogUtils - ✅ Check Element Exist: true ---> By.xpath: //span[@class='alert-title']
[INFO] 31-08-2024 23:51:44 [main] LogUtils - Get text element: Customer added successfully.
[INFO] 31-08-2024 23:51:44 [main] LogUtils - Get Element: By.xpath: //tbody//tr[1]//td[3]/a
[ERROR] 31-08-2024 23:51:44 [main] LogUtils - Timeout waiting for the element ready to click. By.xpath: //tbody//tr[1]//td[3]/a
[ERROR] 31-08-2024 23:51:44 [main] LogUtils - ❌ Test case testAddNewCustomerWithDataExcel Failed
[ERROR] 31-08-2024 23:51:44 [main] LogUtils - java.lang.AssertionError: Timeout waiting for the element ready to click. By.xpath: //tbody//tr[1]//td[3]/a
[INFO] 31-08-2024 23:51:45 [main] LogUtils - Screenshot success !!
[INFO] 31-08-2024 23:51:45 [main] LogUtils - Record success !!
[INFO] 31-08-2024 23:51:46 [main] LogUtils - ⭐️ ***** END FINISHED Sat Aug 31 23:51:46 ICT 2024 *****
[INFO] 31-08-2024 23:54:20 [main] LogUtils - ⭐️ ***** START TESTINGSat Aug 31 23:54:17 ICT 2024 *****
[INFO] 31-08-2024 23:54:20 [main] LogUtils - Load all properties{BROWERS=chrome, SCREENSHOT_STEP_FAIL=true, RECORD_VIDEO=true, SCREENSHOT_PATH=./screenshots/, EMAIL=admin@example.com, URL=https://crm.anhtester.com/admin/authentication, PAGE_LOAD_TIMEOUT=40, STEP_TIME=1, SCREENSHOT_STEP_PASS=false, RECORD_VIDEO_PATH=./videos/, PASSWORD=123456, SCREENSHOT_STEP_ALL=false, EXPLICIT_WAIT_TIMEOUT=10}
[INFO] 31-08-2024 23:54:23 [main] LogUtils - ⭐️ Start test case testAddNewCustomerValidFullFiled
[INFO] 31-08-2024 23:54:27 [main] LogUtils - 🌐 Open URL: https://crm.anhtester.com/admin/authentication
[INFO] 31-08-2024 23:54:29 [main] LogUtils - Get Element: By.xpath: //input[@id='email']
[INFO] 31-08-2024 23:54:29 [main] LogUtils - 🟢 Set text: admin@example.com on element By.xpath: //input[@id='email']
[INFO] 31-08-2024 23:54:30 [main] LogUtils - Get Element: By.xpath: //input[@id='password']
[INFO] 31-08-2024 23:54:30 [main] LogUtils - 🟢 Set text: 123456 on element By.xpath: //input[@id='password']
[INFO] 31-08-2024 23:54:30 [main] LogUtils - Get Element: By.xpath: //button[normalize-space()='Login']
[INFO] 31-08-2024 23:54:31 [main] LogUtils - Get Element: By.xpath: //button[normalize-space()='Login']
[INFO] 31-08-2024 23:54:35 [main] LogUtils - 🟢 Click element: By.xpath: //button[normalize-space()='Login']
[INFO] 31-08-2024 23:54:35 [main] LogUtils - Get Element: By.xpath: //span[normalize-space()='Customers']
[INFO] 31-08-2024 23:54:36 [main] LogUtils - Get Element: By.xpath: //span[normalize-space()='Customers']
[INFO] 31-08-2024 23:54:37 [main] LogUtils - 🟢 Click element: By.xpath: //span[normalize-space()='Customers']
[INFO] 31-08-2024 23:54:37 [main] LogUtils - Get text element: 213
[INFO] 31-08-2024 23:54:37 [main] LogUtils - Get text element: 213
[INFO] 31-08-2024 23:54:37 [main] LogUtils - Get text element: 213
[INFO] 31-08-2024 23:54:37 [main] LogUtils - Total customer after: 213
[INFO] 31-08-2024 23:54:37 [main] LogUtils - Get Element: By.xpath: //a[normalize-space()='New Customer']
[INFO] 31-08-2024 23:54:38 [main] LogUtils - Get Element: By.xpath: //a[normalize-space()='New Customer']
[INFO] 31-08-2024 23:54:39 [main] LogUtils - 🟢 Click element: By.xpath: //a[normalize-space()='New Customer']
[INFO] 31-08-2024 23:54:40 [main] LogUtils - Get Element: By.xpath: //input[@id='company']
[INFO] 31-08-2024 23:54:40 [main] LogUtils - 🟢 Set text: Selenium112023_Test18 on element By.xpath: //input[@id='company']
[INFO] 31-08-2024 23:54:41 [main] LogUtils - Get Element: By.xpath: //input[@id='vat']
[INFO] 31-08-2024 23:54:42 [main] LogUtils - 🟢 Set text: 123 on element By.xpath: //input[@id='vat']
[INFO] 31-08-2024 23:54:43 [main] LogUtils - Get Element: By.xpath: //input[@id='phonenumber']
[INFO] 31-08-2024 23:54:43 [main] LogUtils - 🟢 Set text: 0358153222 on element By.xpath: //input[@id='phonenumber']
[INFO] 31-08-2024 23:54:44 [main] LogUtils - Get Element: By.xpath: //input[@id='website']
[INFO] 31-08-2024 23:54:44 [main] LogUtils - 🟢 Set text: 0358153222 on element By.xpath: //input[@id='website']
[INFO] 31-08-2024 23:54:44 [main] LogUtils - Get Element: By.xpath: //button[@data-id='groups_in[]']
[INFO] 31-08-2024 23:54:46 [main] LogUtils - Get Element: By.xpath: //button[@data-id='groups_in[]']
[INFO] 31-08-2024 23:54:46 [main] LogUtils - 🟢 Click element: By.xpath: //button[@data-id='groups_in[]']
[INFO] 31-08-2024 23:54:47 [main] LogUtils - Get Element: By.xpath: //button[@data-id='groups_in[]']/following-sibling::div//input
[INFO] 31-08-2024 23:54:47 [main] LogUtils - 🟢 Set text: VIP on element By.xpath: //button[@data-id='groups_in[]']/following-sibling::div//input
[INFO] 31-08-2024 23:54:47 [main] LogUtils - 🟢 Set key: ENTER on element By.xpath: //button[@data-id='groups_in[]']/following-sibling::div//input
[INFO] 31-08-2024 23:54:47 [main] LogUtils - Get Element: By.xpath: //button[@data-id='groups_in[]']
[INFO] 31-08-2024 23:54:48 [main] LogUtils - Get Element: By.xpath: //button[@data-id='groups_in[]']
[INFO] 31-08-2024 23:54:48 [main] LogUtils - 🟢 Click element: By.xpath: //button[@data-id='groups_in[]']
[INFO] 31-08-2024 23:54:48 [main] LogUtils - Get Element: By.xpath: (//button[@data-id='default_currency'])
[INFO] 31-08-2024 23:54:49 [main] LogUtils - Get Element: By.xpath: (//button[@data-id='default_currency'])
[INFO] 31-08-2024 23:54:50 [main] LogUtils - 🟢 Click element: By.xpath: (//button[@data-id='default_currency'])
[INFO] 31-08-2024 23:54:51 [main] LogUtils - Get Element: By.xpath: (//button[@data-id='default_currency'])//following-sibling::div//input
[INFO] 31-08-2024 23:54:51 [main] LogUtils - 🟢 Set text: USD on element By.xpath: (//button[@data-id='default_currency'])//following-sibling::div//input
[INFO] 31-08-2024 23:54:51 [main] LogUtils - 🟢 Set key: ENTER on element By.xpath: (//button[@data-id='default_currency'])//following-sibling::div//input
[INFO] 31-08-2024 23:54:51 [main] LogUtils - Get Element: By.xpath: (//button[@data-id='default_currency'])
[INFO] 31-08-2024 23:54:52 [main] LogUtils - Get Element: By.xpath: (//button[@data-id='default_currency'])
[INFO] 31-08-2024 23:54:52 [main] LogUtils - 🟢 Click element: By.xpath: (//button[@data-id='default_currency'])
[INFO] 31-08-2024 23:54:52 [main] LogUtils - Get Element: By.xpath: //button[@data-id='default_language']
[INFO] 31-08-2024 23:54:53 [main] LogUtils - Get Element: By.xpath: //button[@data-id='default_language']
[INFO] 31-08-2024 23:54:53 [main] LogUtils - 🟢 Click element: By.xpath: //button[@data-id='default_language']
[INFO] 31-08-2024 23:54:53 [main] LogUtils - Get Element: By.xpath: //span[normalize-space()='Vietnamese']
[INFO] 31-08-2024 23:54:54 [main] LogUtils - Get Element: By.xpath: //span[normalize-space()='Vietnamese']
[INFO] 31-08-2024 23:54:54 [main] LogUtils - 🟢 Click element: By.xpath: //span[normalize-space()='Vietnamese']
[INFO] 31-08-2024 23:54:56 [main] LogUtils - Get Element: By.xpath: //textarea[@id='address']
[INFO] 31-08-2024 23:54:56 [main] LogUtils - 🟢 Set text: HN on element By.xpath: //textarea[@id='address']
[INFO] 31-08-2024 23:54:57 [main] LogUtils - Get Element: By.xpath: //input[@id='city']
[INFO] 31-08-2024 23:54:57 [main] LogUtils - 🟢 Set text: HN on element By.xpath: //input[@id='city']
[INFO] 31-08-2024 23:54:58 [main] LogUtils - Get Element: By.xpath: //input[@id='state']
[INFO] 31-08-2024 23:54:58 [main] LogUtils - 🟢 Set text: HN on element By.xpath: //input[@id='state']
[INFO] 31-08-2024 23:54:59 [main] LogUtils - Get Element: By.xpath: //input[@id='zip']
[INFO] 31-08-2024 23:54:59 [main] LogUtils - 🟢 Set text: HN on element By.xpath: //input[@id='zip']
[INFO] 31-08-2024 23:54:59 [main] LogUtils - Get Element: By.xpath: //button[@data-id='country']
[INFO] 31-08-2024 23:55:00 [main] LogUtils - Get Element: By.xpath: //button[@data-id='country']
[INFO] 31-08-2024 23:55:01 [main] LogUtils - 🟢 Click element: By.xpath: //button[@data-id='country']
[INFO] 31-08-2024 23:55:02 [main] LogUtils - Get Element: By.xpath: //button[@data-id='country']/following-sibling::div//input
[INFO] 31-08-2024 23:55:02 [main] LogUtils - 🟢 Set text: Vietnam on element By.xpath: //button[@data-id='country']/following-sibling::div//input
[INFO] 31-08-2024 23:55:02 [main] LogUtils - 🟢 Set key: ENTER on element By.xpath: //button[@data-id='country']/following-sibling::div//input
[INFO] 31-08-2024 23:55:02 [main] LogUtils - Get Element: By.xpath: //button[@data-id='country']
[INFO] 31-08-2024 23:55:03 [main] LogUtils - Get Element: By.xpath: //button[@data-id='country']
[INFO] 31-08-2024 23:55:04 [main] LogUtils - 🟢 Click element: By.xpath: //button[@data-id='country']
[INFO] 31-08-2024 23:55:04 [main] LogUtils - Get Element: By.xpath: //button[@class='btn btn-primary only-save customer-form-submiter']
[INFO] 31-08-2024 23:55:05 [main] LogUtils - Get Element: By.xpath: //button[@class='btn btn-primary only-save customer-form-submiter']
[INFO] 31-08-2024 23:55:05 [main] LogUtils - 🟢 Click element: By.xpath: //button[@class='btn btn-primary only-save customer-form-submiter']
[INFO] 31-08-2024 23:55:07 [main] LogUtils - Get list element: By.xpath: //span[@class='alert-title']
[INFO] 31-08-2024 23:55:07 [main] LogUtils - ✅ Check Element Exist: true ---> By.xpath: //span[@class='alert-title']
[INFO] 31-08-2024 23:55:07 [main] LogUtils - Get text element: Customer added successfully.
[INFO] 31-08-2024 23:55:08 [main] LogUtils - Get Element: By.xpath: //div[@id='DataTables_Table_0_filter']//input[@placeholder='Search...']
[ERROR] 31-08-2024 23:55:09 [main] LogUtils - ❌ Test case testAddNewCustomerValidFullFiled Failed
[ERROR] 31-08-2024 23:55:09 [main] LogUtils - org.openqa.selenium.ElementNotInteractableException: element not interactable
  (Session info: chrome=128.0.6613.86)
Build info: version: '4.23.1', revision: '656257d8e9'
System info: os.name: 'Windows 10', os.arch: 'amd64', os.version: '10.0', java.version: '20.0.2'
Driver info: org.openqa.selenium.chrome.ChromeDriver
Command: [9f684d1b7f518ed9b133d511fb388947, sendKeysToElement {value=[Ljava.lang.CharSequence;@57ac2910, id=f.C525F72940F1E055BC6F37C3A7332973.d.12474208BFE726229644AD9BF752F4F6.e.307}]
Capabilities {acceptInsecureCerts: false, browserName: chrome, browserVersion: 128.0.6613.86, chrome: {chromedriverVersion: 128.0.6613.86 (3045ed680fda..., userDataDir: C:\Users\PHUONG~1\AppData\L...}, fedcm:accounts: true, goog:chromeOptions: {debuggerAddress: localhost:52384}, networkConnectionEnabled: false, pageLoadStrategy: normal, platformName: windows, proxy: Proxy(), se:cdp: ws://localhost:52384/devtoo..., se:cdpVersion: 128.0.6613.86, setWindowRect: true, strictFileInteractability: false, timeouts: {implicit: 0, pageLoad: 300000, script: 30000}, unhandledPromptBehavior: dismiss and notify, webauthn:extension:credBlob: true, webauthn:extension:largeBlob: true, webauthn:extension:minPinLength: true, webauthn:extension:prf: true, webauthn:virtualAuthenticators: true}
Element: [[ChromeDriver: chrome on windows (9f684d1b7f518ed9b133d511fb388947)] -> xpath: //div[@id='DataTables_Table_0_filter']//input[@placeholder='Search...']]
Session ID: 9f684d1b7f518ed9b133d511fb388947
[INFO] 31-08-2024 23:55:09 [main] LogUtils - Screenshot success !!
[INFO] 31-08-2024 23:55:09 [main] LogUtils - Record success !!
[INFO] 31-08-2024 23:55:10 [main] LogUtils - ⭐️ ***** END FINISHED Sat Aug 31 23:55:10 ICT 2024 *****
[INFO] 01-09-2024 00:09:58 [main] LogUtils - ⭐️ ***** START TESTINGSun Sep 01 00:09:55 ICT 2024 *****
[INFO] 01-09-2024 00:09:58 [main] LogUtils - Load all properties{BROWERS=chrome, SCREENSHOT_STEP_FAIL=true, RECORD_VIDEO=true, SCREENSHOT_PATH=./screenshots/, EMAIL=admin@example.com, URL=https://crm.anhtester.com/admin/authentication, PAGE_LOAD_TIMEOUT=40, STEP_TIME=1, SCREENSHOT_STEP_PASS=false, RECORD_VIDEO_PATH=./videos/, PASSWORD=123456, SCREENSHOT_STEP_ALL=false, EXPLICIT_WAIT_TIMEOUT=10}
[INFO] 01-09-2024 00:10:01 [main] LogUtils - ⭐️ Start test case testAddNewCustomerValidFullFiled
[INFO] 01-09-2024 00:10:08 [main] LogUtils - 🌐 Open URL: https://crm.anhtester.com/admin/authentication
[INFO] 01-09-2024 00:10:10 [main] LogUtils - Get Element: By.xpath: //input[@id='email']
[INFO] 01-09-2024 00:10:10 [main] LogUtils - 🟢 Set text: admin@example.com on element By.xpath: //input[@id='email']
[INFO] 01-09-2024 00:10:11 [main] LogUtils - Get Element: By.xpath: //input[@id='password']
[INFO] 01-09-2024 00:10:11 [main] LogUtils - 🟢 Set text: 123456 on element By.xpath: //input[@id='password']
[INFO] 01-09-2024 00:10:11 [main] LogUtils - Get Element: By.xpath: //button[normalize-space()='Login']
[INFO] 01-09-2024 00:10:12 [main] LogUtils - Get Element: By.xpath: //button[normalize-space()='Login']
[INFO] 01-09-2024 00:10:13 [main] LogUtils - 🟢 Click element: By.xpath: //button[normalize-space()='Login']
[INFO] 01-09-2024 00:10:13 [main] LogUtils - Get Element: By.xpath: //span[normalize-space()='Customers']
[INFO] 01-09-2024 00:10:16 [main] LogUtils - Get Element: By.xpath: //span[normalize-space()='Customers']
[INFO] 01-09-2024 00:10:17 [main] LogUtils - 🟢 Click element: By.xpath: //span[normalize-space()='Customers']
[INFO] 01-09-2024 00:10:17 [main] LogUtils - Get text element: 214
[INFO] 01-09-2024 00:10:17 [main] LogUtils - Get text element: 214
[INFO] 01-09-2024 00:10:17 [main] LogUtils - Get text element: 214
[INFO] 01-09-2024 00:10:17 [main] LogUtils - Total customer after: 214
[INFO] 01-09-2024 00:10:17 [main] LogUtils - Get Element: By.xpath: //a[normalize-space()='New Customer']
[INFO] 01-09-2024 00:10:18 [main] LogUtils - Get Element: By.xpath: //a[normalize-space()='New Customer']
[INFO] 01-09-2024 00:10:19 [main] LogUtils - 🟢 Click element: By.xpath: //a[normalize-space()='New Customer']
[INFO] 01-09-2024 00:10:20 [main] LogUtils - Get Element: By.xpath: //input[@id='company']
[INFO] 01-09-2024 00:10:20 [main] LogUtils - 🟢 Set text: Selenium112023_Test18 on element By.xpath: //input[@id='company']
[INFO] 01-09-2024 00:10:21 [main] LogUtils - Get Element: By.xpath: //input[@id='vat']
[INFO] 01-09-2024 00:10:22 [main] LogUtils - 🟢 Set text: 123 on element By.xpath: //input[@id='vat']
[INFO] 01-09-2024 00:10:23 [main] LogUtils - Get Element: By.xpath: //input[@id='phonenumber']
[INFO] 01-09-2024 00:10:23 [main] LogUtils - 🟢 Set text: 0358153222 on element By.xpath: //input[@id='phonenumber']
[INFO] 01-09-2024 00:10:24 [main] LogUtils - Get Element: By.xpath: //input[@id='website']
[INFO] 01-09-2024 00:10:24 [main] LogUtils - 🟢 Set text: 0358153222 on element By.xpath: //input[@id='website']
[INFO] 01-09-2024 00:10:24 [main] LogUtils - Get Element: By.xpath: //button[@data-id='groups_in[]']
[INFO] 01-09-2024 00:10:25 [main] LogUtils - Get Element: By.xpath: //button[@data-id='groups_in[]']
[INFO] 01-09-2024 00:10:25 [main] LogUtils - 🟢 Click element: By.xpath: //button[@data-id='groups_in[]']
[INFO] 01-09-2024 00:10:26 [main] LogUtils - Get Element: By.xpath: //button[@data-id='groups_in[]']/following-sibling::div//input
[INFO] 01-09-2024 00:10:26 [main] LogUtils - 🟢 Set text: VIP on element By.xpath: //button[@data-id='groups_in[]']/following-sibling::div//input
[INFO] 01-09-2024 00:10:26 [main] LogUtils - 🟢 Set key: ENTER on element By.xpath: //button[@data-id='groups_in[]']/following-sibling::div//input
[INFO] 01-09-2024 00:10:26 [main] LogUtils - Get Element: By.xpath: //button[@data-id='groups_in[]']
[INFO] 01-09-2024 00:10:28 [main] LogUtils - Get Element: By.xpath: //button[@data-id='groups_in[]']
[INFO] 01-09-2024 00:10:28 [main] LogUtils - 🟢 Click element: By.xpath: //button[@data-id='groups_in[]']
[INFO] 01-09-2024 00:10:28 [main] LogUtils - Get Element: By.xpath: (//button[@data-id='default_currency'])
[INFO] 01-09-2024 00:10:29 [main] LogUtils - Get Element: By.xpath: (//button[@data-id='default_currency'])
[INFO] 01-09-2024 00:10:29 [main] LogUtils - 🟢 Click element: By.xpath: (//button[@data-id='default_currency'])
[INFO] 01-09-2024 00:10:30 [main] LogUtils - Get Element: By.xpath: (//button[@data-id='default_currency'])//following-sibling::div//input
[INFO] 01-09-2024 00:10:30 [main] LogUtils - 🟢 Set text: USD on element By.xpath: (//button[@data-id='default_currency'])//following-sibling::div//input
[INFO] 01-09-2024 00:10:30 [main] LogUtils - 🟢 Set key: ENTER on element By.xpath: (//button[@data-id='default_currency'])//following-sibling::div//input
[INFO] 01-09-2024 00:10:30 [main] LogUtils - Get Element: By.xpath: (//button[@data-id='default_currency'])
[INFO] 01-09-2024 00:10:31 [main] LogUtils - Get Element: By.xpath: (//button[@data-id='default_currency'])
[INFO] 01-09-2024 00:10:31 [main] LogUtils - 🟢 Click element: By.xpath: (//button[@data-id='default_currency'])
[INFO] 01-09-2024 00:10:31 [main] LogUtils - Get Element: By.xpath: //button[@data-id='default_language']
[INFO] 01-09-2024 00:10:33 [main] LogUtils - Get Element: By.xpath: //button[@data-id='default_language']
[INFO] 01-09-2024 00:10:33 [main] LogUtils - 🟢 Click element: By.xpath: //button[@data-id='default_language']
[INFO] 01-09-2024 00:10:33 [main] LogUtils - Get Element: By.xpath: //span[normalize-space()='Vietnamese']
[INFO] 01-09-2024 00:10:34 [main] LogUtils - Get Element: By.xpath: //span[normalize-space()='Vietnamese']
[INFO] 01-09-2024 00:10:34 [main] LogUtils - 🟢 Click element: By.xpath: //span[normalize-space()='Vietnamese']
[INFO] 01-09-2024 00:10:35 [main] LogUtils - Get Element: By.xpath: //textarea[@id='address']
[INFO] 01-09-2024 00:10:35 [main] LogUtils - 🟢 Set text: HN on element By.xpath: //textarea[@id='address']
[INFO] 01-09-2024 00:10:36 [main] LogUtils - Get Element: By.xpath: //input[@id='city']
[INFO] 01-09-2024 00:10:36 [main] LogUtils - 🟢 Set text: HN on element By.xpath: //input[@id='city']
[INFO] 01-09-2024 00:10:37 [main] LogUtils - Get Element: By.xpath: //input[@id='state']
[INFO] 01-09-2024 00:10:37 [main] LogUtils - 🟢 Set text: HN on element By.xpath: //input[@id='state']
[INFO] 01-09-2024 00:10:39 [main] LogUtils - Get Element: By.xpath: //input[@id='zip']
[INFO] 01-09-2024 00:10:39 [main] LogUtils - 🟢 Set text: HN on element By.xpath: //input[@id='zip']
[INFO] 01-09-2024 00:10:39 [main] LogUtils - Get Element: By.xpath: //button[@data-id='country']
[INFO] 01-09-2024 00:10:40 [main] LogUtils - Get Element: By.xpath: //button[@data-id='country']
[INFO] 01-09-2024 00:10:40 [main] LogUtils - 🟢 Click element: By.xpath: //button[@data-id='country']
[INFO] 01-09-2024 00:10:41 [main] LogUtils - Get Element: By.xpath: //button[@data-id='country']/following-sibling::div//input
[INFO] 01-09-2024 00:10:41 [main] LogUtils - 🟢 Set text: Vietnam on element By.xpath: //button[@data-id='country']/following-sibling::div//input
[INFO] 01-09-2024 00:10:42 [main] LogUtils - 🟢 Set key: ENTER on element By.xpath: //button[@data-id='country']/following-sibling::div//input
[INFO] 01-09-2024 00:10:42 [main] LogUtils - Get Element: By.xpath: //button[@data-id='country']
[INFO] 01-09-2024 00:10:43 [main] LogUtils - Get Element: By.xpath: //button[@data-id='country']
[INFO] 01-09-2024 00:10:43 [main] LogUtils - 🟢 Click element: By.xpath: //button[@data-id='country']
[INFO] 01-09-2024 00:10:43 [main] LogUtils - Get Element: By.xpath: //button[@class='btn btn-primary only-save customer-form-submiter']
[INFO] 01-09-2024 00:10:44 [main] LogUtils - Get Element: By.xpath: //button[@class='btn btn-primary only-save customer-form-submiter']
[INFO] 01-09-2024 00:10:44 [main] LogUtils - 🟢 Click element: By.xpath: //button[@class='btn btn-primary only-save customer-form-submiter']
[INFO] 01-09-2024 00:10:46 [main] LogUtils - Get list element: By.xpath: //span[@class='alert-title']
[INFO] 01-09-2024 00:10:46 [main] LogUtils - ✅ Check Element Exist: true ---> By.xpath: //span[@class='alert-title']
[INFO] 01-09-2024 00:10:46 [main] LogUtils - Get text element: Customer added successfully.
[INFO] 01-09-2024 00:10:48 [main] LogUtils - Get Element: By.xpath: //div[@id='DataTables_Table_0_filter']//input[@placeholder='Search...']
[ERROR] 01-09-2024 00:10:48 [main] LogUtils - ❌ Test case testAddNewCustomerValidFullFiled Failed
[ERROR] 01-09-2024 00:10:48 [main] LogUtils - org.openqa.selenium.ElementNotInteractableException: element not interactable
  (Session info: chrome=128.0.6613.86)
Build info: version: '4.23.1', revision: '656257d8e9'
System info: os.name: 'Windows 10', os.arch: 'amd64', os.version: '10.0', java.version: '20.0.2'
Driver info: org.openqa.selenium.chrome.ChromeDriver
Command: [e2f11425b62987e3a511bbdebc567a80, sendKeysToElement {value=[Ljava.lang.CharSequence;@2665a2e7, id=f.796C6E533CE5F209051A5A1F62D9191C.d.81C4DAA1A32C6E2821830BD3650C1455.e.313}]
Capabilities {acceptInsecureCerts: false, browserName: chrome, browserVersion: 128.0.6613.86, chrome: {chromedriverVersion: 128.0.6613.86 (3045ed680fda..., userDataDir: C:\Users\PHUONG~1\AppData\L...}, fedcm:accounts: true, goog:chromeOptions: {debuggerAddress: localhost:52456}, networkConnectionEnabled: false, pageLoadStrategy: normal, platformName: windows, proxy: Proxy(), se:cdp: ws://localhost:52456/devtoo..., se:cdpVersion: 128.0.6613.86, setWindowRect: true, strictFileInteractability: false, timeouts: {implicit: 0, pageLoad: 300000, script: 30000}, unhandledPromptBehavior: dismiss and notify, webauthn:extension:credBlob: true, webauthn:extension:largeBlob: true, webauthn:extension:minPinLength: true, webauthn:extension:prf: true, webauthn:virtualAuthenticators: true}
Element: [[ChromeDriver: chrome on windows (e2f11425b62987e3a511bbdebc567a80)] -> xpath: //div[@id='DataTables_Table_0_filter']//input[@placeholder='Search...']]
Session ID: e2f11425b62987e3a511bbdebc567a80
[INFO] 01-09-2024 00:10:48 [main] LogUtils - Screenshot success !!
[INFO] 01-09-2024 00:10:48 [main] LogUtils - Record success !!
[INFO] 01-09-2024 00:10:49 [main] LogUtils - ⭐️ ***** END FINISHED Sun Sep 01 00:10:49 ICT 2024 *****
[INFO] 01-09-2024 00:12:45 [main] LogUtils - ⭐️ ***** START TESTINGSun Sep 01 00:12:43 ICT 2024 *****
[INFO] 01-09-2024 00:12:45 [main] LogUtils - Load all properties{BROWERS=chrome, SCREENSHOT_STEP_FAIL=true, RECORD_VIDEO=true, SCREENSHOT_PATH=./screenshots/, EMAIL=admin@example.com, URL=https://crm.anhtester.com/admin/authentication, PAGE_LOAD_TIMEOUT=40, STEP_TIME=1, SCREENSHOT_STEP_PASS=false, RECORD_VIDEO_PATH=./videos/, PASSWORD=1234567, SCREENSHOT_STEP_ALL=false, EXPLICIT_WAIT_TIMEOUT=10}
[INFO] 01-09-2024 00:12:50 [main] LogUtils - ⭐️ Start test case testLoginSuccessNocheckRememberMe
[INFO] 01-09-2024 00:12:55 [main] LogUtils - 🌐 Open URL: https://crm.anhtester.com/admin/authentication
[INFO] 01-09-2024 00:12:56 [main] LogUtils - Get Element: By.xpath: //input[@id='email']
[INFO] 01-09-2024 00:12:57 [main] LogUtils - 🟢 Set text: admin@example.com on element By.xpath: //input[@id='email']
[INFO] 01-09-2024 00:12:58 [main] LogUtils - Get Element: By.xpath: //input[@id='password']
[INFO] 01-09-2024 00:12:58 [main] LogUtils - 🟢 Set text: 1234567 on element By.xpath: //input[@id='password']
[INFO] 01-09-2024 00:12:58 [main] LogUtils - Get Element: By.xpath: //button[normalize-space()='Login']
[INFO] 01-09-2024 00:12:59 [main] LogUtils - Get Element: By.xpath: //button[normalize-space()='Login']
[INFO] 01-09-2024 00:12:59 [main] LogUtils - 🟢 Click element: By.xpath: //button[normalize-space()='Login']
[INFO] 01-09-2024 00:12:59 [main] LogUtils - Get list element: By.xpath: //span[normalize-space()='Dashboard']
[ERROR] 01-09-2024 00:13:00 [main] LogUtils - ❌ Check Element Exist: false ---> By.xpath: //span[normalize-space()='Dashboard']
[ERROR] 01-09-2024 00:13:00 [main] LogUtils - ❌ Test case testLoginSuccessNocheckRememberMe Failed
[ERROR] 01-09-2024 00:13:00 [main] LogUtils - java.lang.AssertionError: Không redirect sang trang dasboard expected [true] but found [false]
[INFO] 01-09-2024 00:13:00 [main] LogUtils - Screenshot success !!
[INFO] 01-09-2024 00:13:00 [main] LogUtils - Record success !!
[INFO] 01-09-2024 00:13:00 [main] LogUtils - ⭐️ ***** END FINISHED Sun Sep 01 00:13:00 ICT 2024 *****
[INFO] 01-09-2024 00:15:51 [main] LogUtils - ⭐️ ***** START TESTINGSun Sep 01 00:15:48 ICT 2024 *****
[INFO] 01-09-2024 00:15:51 [main] LogUtils - Load all properties{BROWERS=chrome, SCREENSHOT_STEP_FAIL=true, RECORD_VIDEO=true, SCREENSHOT_PATH=./screenshots/, EMAIL=admin@example.com, URL=https://crm.anhtester.com/admin/authentication, PAGE_LOAD_TIMEOUT=40, STEP_TIME=1, SCREENSHOT_STEP_PASS=false, RECORD_VIDEO_PATH=./videos/, PASSWORD=1234567, SCREENSHOT_STEP_ALL=true, EXPLICIT_WAIT_TIMEOUT=10}
[INFO] 01-09-2024 00:15:55 [main] LogUtils - ⭐️ Start test case testLoginSuccessNocheckRememberMe
[INFO] 01-09-2024 00:16:00 [main] LogUtils - 🌐 Open URL: https://crm.anhtester.com/admin/authentication
[INFO] 01-09-2024 00:16:00 [main] LogUtils - Screenshot success !!
[INFO] 01-09-2024 00:16:01 [main] LogUtils - Get Element: By.xpath: //input[@id='email']
[INFO] 01-09-2024 00:16:01 [main] LogUtils - 🟢 Set text: admin@example.com on element By.xpath: //input[@id='email']
[INFO] 01-09-2024 00:16:01 [main] LogUtils - Screenshot success !!
[INFO] 01-09-2024 00:16:03 [main] LogUtils - Get Element: By.xpath: //input[@id='password']
[INFO] 01-09-2024 00:16:03 [main] LogUtils - 🟢 Set text: 1234567 on element By.xpath: //input[@id='password']
[INFO] 01-09-2024 00:16:03 [main] LogUtils - Screenshot success !!
[INFO] 01-09-2024 00:16:03 [main] LogUtils - Get Element: By.xpath: //button[normalize-space()='Login']
[INFO] 01-09-2024 00:16:05 [main] LogUtils - Get Element: By.xpath: //button[normalize-space()='Login']
[INFO] 01-09-2024 00:16:05 [main] LogUtils - 🟢 Click element: By.xpath: //button[normalize-space()='Login']
[INFO] 01-09-2024 00:16:05 [main] LogUtils - Screenshot success !!
[INFO] 01-09-2024 00:16:06 [main] LogUtils - Get list element: By.xpath: //span[normalize-space()='Dashboard']
[ERROR] 01-09-2024 00:16:06 [main] LogUtils - ❌ Check Element Exist: false ---> By.xpath: //span[normalize-space()='Dashboard']
[ERROR] 01-09-2024 00:16:06 [main] LogUtils - ❌ Test case testLoginSuccessNocheckRememberMe Failed
[ERROR] 01-09-2024 00:16:06 [main] LogUtils - java.lang.AssertionError: Không redirect sang trang dasboard expected [true] but found [false]
[INFO] 01-09-2024 00:16:06 [main] LogUtils - Screenshot success !!
[INFO] 01-09-2024 00:16:06 [main] LogUtils - Record success !!
[INFO] 01-09-2024 00:16:08 [main] LogUtils - ⭐️ ***** END FINISHED Sun Sep 01 00:16:08 ICT 2024 *****
[INFO] 04-09-2024 15:06:10 [main] LogUtils - EMAIL
[INFO] 04-09-2024 15:06:10 [main] LogUtils - PASSWORD
[INFO] 04-09-2024 15:06:10 [main] LogUtils - TEST
[INFO] 04-09-2024 15:06:10 [main] LogUtils - 123456
[INFO] 04-09-2024 15:06:10 [main] LogUtils - admin@example.com
[INFO] 04-09-2024 15:06:10 [main] LogUtils - 123456
[INFO] 04-09-2024 15:06:10 [main] LogUtils - admin@example.com
[INFO] 04-09-2024 15:06:10 [main] LogUtils - 123456
[ERROR] 04-09-2024 15:06:10 [main] LogUtils - src\test\resources\testdata\Login.xlsx (The process cannot access the file because it is being used by another process)
[INFO] 04-09-2024 15:06:10 [main] LogUtils - Set cell thành công
[INFO] 04-09-2024 15:15:16 [main] LogUtils - EMAIL
[INFO] 04-09-2024 15:15:16 [main] LogUtils - PASSWORD
[INFO] 04-09-2024 15:15:16 [main] LogUtils - TEST
[INFO] 04-09-2024 15:15:16 [main] LogUtils - 123456
[INFO] 04-09-2024 15:15:16 [main] LogUtils - admin@example.com
[INFO] 04-09-2024 15:15:16 [main] LogUtils - 123456
[INFO] 04-09-2024 15:15:16 [main] LogUtils - admin@example.com
[INFO] 04-09-2024 15:15:16 [main] LogUtils - 123456
[ERROR] 04-09-2024 15:15:16 [main] LogUtils - src\test\resources\testdata\Login.xlsx (The process cannot access the file because it is being used by another process)
[INFO] 04-09-2024 15:15:16 [main] LogUtils - Set cell thành công
[INFO] 04-09-2024 15:15:30 [main] LogUtils - EMAIL
[INFO] 04-09-2024 15:15:30 [main] LogUtils - PASSWORD
[INFO] 04-09-2024 15:15:30 [main] LogUtils - TEST
[INFO] 04-09-2024 15:15:30 [main] LogUtils - 123456
[INFO] 04-09-2024 15:15:30 [main] LogUtils - admin@example.com
[INFO] 04-09-2024 15:15:30 [main] LogUtils - 123456
[INFO] 04-09-2024 15:15:30 [main] LogUtils - admin@example.com
[INFO] 04-09-2024 15:15:30 [main] LogUtils - 123456
[ERROR] 04-09-2024 15:15:30 [main] LogUtils - src\test\resources\testdata\Login.xlsx (The process cannot access the file because it is being used by another process)
[INFO] 04-09-2024 15:15:30 [main] LogUtils - Set cell thành công
[INFO] 04-09-2024 15:16:23 [main] LogUtils - EMAIL
[INFO] 04-09-2024 15:16:23 [main] LogUtils - PASSWORD
[INFO] 04-09-2024 15:16:23 [main] LogUtils - TEST
[INFO] 04-09-2024 15:16:23 [main] LogUtils - 123456
[INFO] 04-09-2024 15:16:23 [main] LogUtils - admin@example.com
[INFO] 04-09-2024 15:16:23 [main] LogUtils - 123456
[INFO] 04-09-2024 15:16:23 [main] LogUtils - admin@example.com
[INFO] 04-09-2024 15:16:23 [main] LogUtils - 123456
[ERROR] 04-09-2024 15:16:23 [main] LogUtils - src\test\resources\testdata\Login.xlsx (The process cannot access the file because it is being used by another process)
[INFO] 04-09-2024 15:16:23 [main] LogUtils - Set cell thành công
[INFO] 04-09-2024 15:35:38 [main] LogUtils - EMAIL
[INFO] 04-09-2024 15:35:38 [main] LogUtils - PASSWORD
[INFO] 04-09-2024 15:35:38 [main] LogUtils - TEST
[INFO] 04-09-2024 15:35:38 [main] LogUtils - 123456
[INFO] 04-09-2024 15:35:38 [main] LogUtils - admin@example.com
[INFO] 04-09-2024 15:35:38 [main] LogUtils - 123456
[INFO] 04-09-2024 15:35:38 [main] LogUtils - admin@example.com
[INFO] 04-09-2024 15:35:38 [main] LogUtils - 123456
[ERROR] 04-09-2024 15:35:38 [main] LogUtils - src\test\resources\testdata\Login.xlsx (The process cannot access the file because it is being used by another process)
[INFO] 04-09-2024 15:35:38 [main] LogUtils - Set cell thành công
[INFO] 04-09-2024 15:36:22 [main] LogUtils - EMAIL
[INFO] 04-09-2024 15:36:22 [main] LogUtils - PASSWORD
[INFO] 04-09-2024 15:36:22 [main] LogUtils - TEST
[INFO] 04-09-2024 15:36:22 [main] LogUtils - 123456
[INFO] 04-09-2024 15:36:22 [main] LogUtils - admin@example.com
[INFO] 04-09-2024 15:36:22 [main] LogUtils - 123456
[INFO] 04-09-2024 15:36:22 [main] LogUtils - admin@example.com
[INFO] 04-09-2024 15:36:22 [main] LogUtils - 123456
[INFO] 04-09-2024 15:36:23 [main] LogUtils - Set cell thành công
[INFO] 04-09-2024 15:47:40 [main] LogUtils - EMAIL
[INFO] 04-09-2024 15:47:40 [main] LogUtils - PASSWORD
[INFO] 04-09-2024 15:47:40 [main] LogUtils - TEST
[INFO] 04-09-2024 15:47:40 [main] LogUtils - 123456
[INFO] 04-09-2024 15:47:40 [main] LogUtils - admin@example.com
[INFO] 04-09-2024 15:47:40 [main] LogUtils - 123456
[INFO] 04-09-2024 15:47:40 [main] LogUtils - admin@example.com
[INFO] 04-09-2024 15:47:40 [main] LogUtils - 123456
[INFO] 04-09-2024 15:47:40 [main] LogUtils - Set cell thành công
[INFO] 06-09-2024 20:22:41 [main] LogUtils - ⭐️ ***** START TESTINGFri Sep 06 20:22:39 ICT 2024 *****
[INFO] 06-09-2024 20:22:41 [main] LogUtils - Load all properties{BROWERS=chrome, SCREENSHOT_STEP_FAIL=true, RECORD_VIDEO=true, SCREENSHOT_PATH=./screenshots/, EMAIL=admin@example.com, URL=https://crm.anhtester.com/admin/authentication, PAGE_LOAD_TIMEOUT=40, STEP_TIME=1, SCREENSHOT_STEP_PASS=false, RECORD_VIDEO_PATH=./videos/, PASSWORD=1234567, SCREENSHOT_STEP_ALL=true, EXPLICIT_WAIT_TIMEOUT=10}
[INFO] 06-09-2024 20:22:47 [main] LogUtils - ⭐️ Start test case testUploadFileWithSendKeys
[INFO] 06-09-2024 20:22:53 [main] LogUtils - Get Element: By.xpath: //input[@name='upfile']
[ERROR] 06-09-2024 20:22:53 [main] LogUtils - ❌ Test case testUploadFileWithSendKeys Failed
[ERROR] 06-09-2024 20:22:53 [main] LogUtils - org.openqa.selenium.InvalidArgumentException: invalid argument: File not found : C:\Users\phuongvt26\Selenium112023POMParallelsrc/test/resources/testdata/Login.xlsx
  (Session info: chrome=128.0.6613.120)
Build info: version: '4.23.1', revision: '656257d8e9'
System info: os.name: 'Windows 10', os.arch: 'amd64', os.version: '10.0', java.version: '20.0.2'
Driver info: org.openqa.selenium.chrome.ChromeDriver
Command: [13c11145b4ec6bf4e393ebe6fd4c2e06, sendKeysToElement {value=[Ljava.lang.CharSequence;@11174bf, id=f.22FFB07FB9252E0A6F599205BD0A09F3.d.EFFD9CD664249358CF4F9B758DAF0C7E.e.4}]
Capabilities {acceptInsecureCerts: false, browserName: chrome, browserVersion: 128.0.6613.120, chrome: {chromedriverVersion: 128.0.6613.119 (6e439cfca4d..., userDataDir: C:\Users\PHUONG~1\AppData\L...}, fedcm:accounts: true, goog:chromeOptions: {debuggerAddress: localhost:50266}, networkConnectionEnabled: false, pageLoadStrategy: normal, platformName: windows, proxy: Proxy(), se:cdp: ws://localhost:50266/devtoo..., se:cdpVersion: 128.0.6613.120, setWindowRect: true, strictFileInteractability: false, timeouts: {implicit: 0, pageLoad: 300000, script: 30000}, unhandledPromptBehavior: dismiss and notify, webauthn:extension:credBlob: true, webauthn:extension:largeBlob: true, webauthn:extension:minPinLength: true, webauthn:extension:prf: true, webauthn:virtualAuthenticators: true}
Element: [[ChromeDriver: chrome on windows (13c11145b4ec6bf4e393ebe6fd4c2e06)] -> xpath: //input[@name='upfile']]
Session ID: 13c11145b4ec6bf4e393ebe6fd4c2e06
[INFO] 06-09-2024 20:22:53 [main] LogUtils - Screenshot success !!
[INFO] 06-09-2024 20:22:54 [main] LogUtils - Record success !!
[INFO] 06-09-2024 20:22:54 [main] LogUtils - ⭐️ ***** END FINISHED Fri Sep 06 20:22:54 ICT 2024 *****
[INFO] 06-09-2024 20:23:26 [main] LogUtils - ⭐️ ***** START TESTINGFri Sep 06 20:23:25 ICT 2024 *****
[INFO] 06-09-2024 20:23:26 [main] LogUtils - Load all properties{BROWERS=chrome, SCREENSHOT_STEP_FAIL=true, RECORD_VIDEO=true, SCREENSHOT_PATH=./screenshots/, EMAIL=admin@example.com, URL=https://crm.anhtester.com/admin/authentication, PAGE_LOAD_TIMEOUT=40, STEP_TIME=1, SCREENSHOT_STEP_PASS=false, RECORD_VIDEO_PATH=./videos/, PASSWORD=1234567, SCREENSHOT_STEP_ALL=true, EXPLICIT_WAIT_TIMEOUT=10}
[INFO] 06-09-2024 20:23:29 [main] LogUtils - ⭐️ Start test case testUploadFileWithSendKeys
[INFO] 06-09-2024 20:23:34 [main] LogUtils - Get Element: By.xpath: //input[@name='upfile']
[INFO] 06-09-2024 20:23:34 [main] LogUtils - 🟢 Set text: C:\Users\phuongvt26\Selenium112023POMParallel/src/test/resources/testdata/Login.xlsx on element By.xpath: //input[@name='upfile']
[INFO] 06-09-2024 20:23:34 [main] LogUtils - Screenshot success !!
[INFO] 06-09-2024 20:23:38 [main] LogUtils - ✅ Test case testUploadFileWithSendKeys succesed
[INFO] 06-09-2024 20:23:38 [main] LogUtils - Record success !!
[INFO] 06-09-2024 20:23:39 [main] LogUtils - ⭐️ ***** END FINISHED Fri Sep 06 20:23:39 ICT 2024 *****
[INFO] 06-09-2024 20:25:17 [main] LogUtils - ⭐️ ***** START TESTINGFri Sep 06 20:25:16 ICT 2024 *****
[INFO] 06-09-2024 20:25:17 [main] LogUtils - Load all properties{BROWERS=chrome, SCREENSHOT_STEP_FAIL=true, RECORD_VIDEO=true, SCREENSHOT_PATH=./screenshots/, EMAIL=admin@example.com, URL=https://crm.anhtester.com/admin/authentication, PAGE_LOAD_TIMEOUT=40, STEP_TIME=1, SCREENSHOT_STEP_PASS=false, RECORD_VIDEO_PATH=./videos/, PASSWORD=1234567, SCREENSHOT_STEP_ALL=true, EXPLICIT_WAIT_TIMEOUT=10}
[INFO] 06-09-2024 20:25:19 [main] LogUtils - ⭐️ Start test case testUploadFileWithSendKeys
[INFO] 06-09-2024 20:25:25 [main] LogUtils - Get Element: By.xpath: //input[@name='upfile']
[INFO] 06-09-2024 20:25:25 [main] LogUtils - 🟢 Set text: C:\Users\phuongvt26\Selenium112023POMParallel/src/test/resources/testdata/Login.xlsx on element By.xpath: //input[@name='upfile']
[INFO] 06-09-2024 20:25:25 [main] LogUtils - Screenshot success !!
[INFO] 06-09-2024 20:25:29 [main] LogUtils - ✅ Test case testUploadFileWithSendKeys succesed
[INFO] 06-09-2024 20:25:29 [main] LogUtils - Record success !!
[INFO] 06-09-2024 20:25:29 [main] LogUtils - ⭐️ ***** END FINISHED Fri Sep 06 20:25:29 ICT 2024 *****
[INFO] 06-09-2024 20:31:09 [main] LogUtils - ⭐️ ***** START TESTINGFri Sep 06 20:31:08 ICT 2024 *****
[INFO] 06-09-2024 20:31:09 [main] LogUtils - Load all properties{BROWERS=chrome, SCREENSHOT_STEP_FAIL=true, RECORD_VIDEO=true, SCREENSHOT_PATH=./screenshots/, EMAIL=admin@example.com, URL=https://crm.anhtester.com/admin/authentication, PAGE_LOAD_TIMEOUT=40, STEP_TIME=1, SCREENSHOT_STEP_PASS=false, RECORD_VIDEO_PATH=./videos/, PASSWORD=1234567, SCREENSHOT_STEP_ALL=true, EXPLICIT_WAIT_TIMEOUT=10}
[INFO] 06-09-2024 20:31:12 [main] LogUtils - ⭐️ Start test case testUploadFileWithSendKeys
[INFO] 06-09-2024 20:31:17 [main] LogUtils - Get Element: By.xpath: //input[@name='upfile']
[INFO] 06-09-2024 20:31:17 [main] LogUtils - 🟢 Set text: C:\Users\phuongvt26\Selenium112023POMParallel/src/test/resources/testdata/Login.xlsx on element By.xpath: //input[@name='upfile']
[INFO] 06-09-2024 20:31:17 [main] LogUtils - Screenshot success !!
[INFO] 06-09-2024 20:31:21 [main] LogUtils - ✅ Test case testUploadFileWithSendKeys succesed
[INFO] 06-09-2024 20:31:21 [main] LogUtils - Record success !!
[INFO] 06-09-2024 20:31:21 [main] LogUtils - ⭐️ ***** END FINISHED Fri Sep 06 20:31:21 ICT 2024 *****
[INFO] 06-09-2024 20:51:51 [main] LogUtils - ⭐️ ***** START TESTINGFri Sep 06 20:51:50 ICT 2024 *****
[INFO] 06-09-2024 20:51:51 [main] LogUtils - Load all properties{BROWERS=chrome, SCREENSHOT_STEP_FAIL=true, RECORD_VIDEO=true, SCREENSHOT_PATH=./screenshots/, EMAIL=admin@example.com, URL=https://crm.anhtester.com/admin/authentication, PAGE_LOAD_TIMEOUT=40, STEP_TIME=1, SCREENSHOT_STEP_PASS=false, RECORD_VIDEO_PATH=./videos/, PASSWORD=1234567, SCREENSHOT_STEP_ALL=true, EXPLICIT_WAIT_TIMEOUT=10}
[INFO] 06-09-2024 20:51:53 [main] LogUtils - ⭐️ Start test case testUploadFile2
[INFO] 06-09-2024 20:52:22 [main] LogUtils - Get Element: By.xpath: //div[@id='uploadifive-file_upload']
[INFO] 06-09-2024 20:52:23 [main] LogUtils - Get Element: By.xpath: //div[@id='uploadifive-file_upload']
[INFO] 06-09-2024 20:52:23 [main] LogUtils - 🟢 Click element: By.xpath: //div[@id='uploadifive-file_upload']
[INFO] 06-09-2024 20:52:23 [main] LogUtils - Screenshot success !!
[INFO] 06-09-2024 20:52:31 [main] LogUtils - ✅ Test case testUploadFile2 succesed
[INFO] 06-09-2024 20:52:31 [main] LogUtils - Record success !!
[INFO] 06-09-2024 20:52:31 [main] LogUtils - ⭐️ ***** END FINISHED Fri Sep 06 20:52:31 ICT 2024 *****
[INFO] 02-11-2024 23:56:16 [main] LogUtils - EMAIL
[INFO] 02-11-2024 23:56:16 [main] LogUtils - PASSWORD
[INFO] 02-11-2024 23:56:16 [main] LogUtils - TEST
[INFO] 02-11-2024 23:56:16 [main] LogUtils - 123456
[INFO] 02-11-2024 23:56:16 [main] LogUtils - admin@example.com
[INFO] 02-11-2024 23:56:16 [main] LogUtils - 123456
[INFO] 02-11-2024 23:56:16 [main] LogUtils - admin@example.com
[INFO] 02-11-2024 23:56:16 [main] LogUtils - 123456
[INFO] 02-11-2024 23:56:16 [main] LogUtils - Set cell thành công
[INFO] 03-11-2024 00:00:27 [main] LogUtils - ⭐️ ***** START TESTINGSun Nov 03 00:00:27 ICT 2024 *****
[INFO] 03-11-2024 00:00:27 [main] LogUtils - Load all properties{BROWERS=chrome, SCREENSHOT_STEP_FAIL=true, RECORD_VIDEO=true, SCREENSHOT_PATH=./screenshots/, EMAIL=admin@example.com, URL=https://crm.anhtester.com/admin/authentication, PAGE_LOAD_TIMEOUT=40, STEP_TIME=1, SCREENSHOT_STEP_PASS=false, RECORD_VIDEO_PATH=./videos/, PASSWORD=1234567, SCREENSHOT_STEP_ALL=true, EXPLICIT_WAIT_TIMEOUT=10}
[INFO] 03-11-2024 00:00:29 [main] LogUtils - ⭐️ Start test case testLoginSuccessNocheckRememberMeWithDataExcel
[INFO] 03-11-2024 00:00:34 [main] LogUtils - 🌐 Open URL: https://crm.anhtester.com/admin/authentication
[INFO] 03-11-2024 00:00:34 [main] LogUtils - Screenshot success !!
[INFO] 03-11-2024 00:00:35 [main] LogUtils - Get Element: By.xpath: //input[@id='email']
[INFO] 03-11-2024 00:00:35 [main] LogUtils - 🟢 Set text: TEST on element By.xpath: //input[@id='email']
[INFO] 03-11-2024 00:00:35 [main] LogUtils - Screenshot success !!
[INFO] 03-11-2024 00:00:37 [main] LogUtils - Get Element: By.xpath: //input[@id='password']
[INFO] 03-11-2024 00:00:37 [main] LogUtils - 🟢 Set text: 123456 on element By.xpath: //input[@id='password']
[INFO] 03-11-2024 00:00:37 [main] LogUtils - Screenshot success !!
[INFO] 03-11-2024 00:00:37 [main] LogUtils - Get Element: By.xpath: //button[normalize-space()='Login']
[INFO] 03-11-2024 00:00:38 [main] LogUtils - Get Element: By.xpath: //button[normalize-space()='Login']
[INFO] 03-11-2024 00:00:38 [main] LogUtils - 🟢 Click element: By.xpath: //button[normalize-space()='Login']
[INFO] 03-11-2024 00:00:38 [main] LogUtils - Screenshot success !!
[INFO] 03-11-2024 00:00:39 [main] LogUtils - Get list element: By.xpath: //span[normalize-space()='Dashboard']
[ERROR] 03-11-2024 00:00:39 [main] LogUtils - ❌ Check Element Exist: false ---> By.xpath: //span[normalize-space()='Dashboard']
[ERROR] 03-11-2024 00:00:39 [main] LogUtils - ❌ Test case testLoginSuccessNocheckRememberMeWithDataExcel Failed
[ERROR] 03-11-2024 00:00:39 [main] LogUtils - java.lang.AssertionError: Không redirect sang trang dasboard expected [true] but found [false]
[INFO] 03-11-2024 00:00:39 [main] LogUtils - Screenshot success !!
[ERROR] 03-11-2024 00:00:41 [main] LogUtils - ❌ Test case testLoginSuccessNocheckRememberMeWithDataExcel Failed
[ERROR] 03-11-2024 00:00:41 [main] LogUtils - org.openqa.selenium.remote.UnreachableBrowserException: Error communicating with the remote browser. It may have died.
Build info: version: '4.24.0', revision: '748ffc9bc3'
System info: os.name: 'Windows 10', os.arch: 'amd64', os.version: '10.0', java.version: '20.0.2'
Driver info: org.openqa.selenium.chrome.ChromeDriver
Command: [5b2e358de83246c0b6162ba122c11fbd, screenshot []]
Capabilities {acceptInsecureCerts: false, browserName: chrome, browserVersion: 130.0.6723.70, chrome: {chromedriverVersion: 130.0.6723.91 (53ac07678369..., userDataDir: C:\Users\PHUONG~1\AppData\L...}, fedcm:accounts: true, goog:chromeOptions: {debuggerAddress: localhost:55309}, networkConnectionEnabled: false, pageLoadStrategy: normal, platformName: windows, proxy: Proxy(), se:cdp: ws://localhost:55309/devtoo..., se:cdpVersion: 130.0.6723.70, setWindowRect: true, strictFileInteractability: false, timeouts: {implicit: 0, pageLoad: 300000, script: 30000}, unhandledPromptBehavior: dismiss and notify, webauthn:extension:credBlob: true, webauthn:extension:largeBlob: true, webauthn:extension:minPinLength: true, webauthn:extension:prf: true, webauthn:virtualAuthenticators: true}
Session ID: 5b2e358de83246c0b6162ba122c11fbd
[INFO] 03-11-2024 00:00:41 [main] LogUtils - ⭐️ ***** END FINISHED Sun Nov 03 00:00:41 ICT 2024 *****
